Name,X1,Y1,X2,Y2
PolyU_001_F_01.jpg,102,57,290,257
PolyU_001_F_02.jpg,106,57,289,253
PolyU_001_F_03.jpg,105,58,291,252
PolyU_001_F_04.jpg,107,57,291,255
PolyU_001_F_05.jpg,107,57,290,255
PolyU_001_F_06.jpg,107,55,290,255
PolyU_001_F_07.jpg,108,59,292,255
PolyU_001_F_08.jpg,109,65,291,255
PolyU_001_F_09.jpg,111,58,287,255
PolyU_001_F_10.jpg,108,60,291,253
PolyU_001_S_01.jpg,119,55,300,253
PolyU_001_S_02.jpg,114,55,303,252
PolyU_001_S_03.jpg,123,53,298,250
PolyU_001_S_04.jpg,122,56,302,253
PolyU_001_S_05.jpg,115,60,300,251
PolyU_001_S_06.jpg,116,55,300,251
PolyU_001_S_07.jpg,121,53,300,253
PolyU_001_S_08.jpg,124,53,300,254
PolyU_001_S_09.jpg,120,56,300,250
PolyU_001_S_10.jpg,122,53,298,252
PolyU_002_F_01.jpg,141,61,317,256
PolyU_002_F_02.jpg,144,61,317,256
PolyU_002_F_03.jpg,144,57,316,255
PolyU_002_F_04.jpg,145,59,315,256
PolyU_002_F_05.jpg,145,57,316,257
PolyU_002_F_06.jpg,151,58,318,257
PolyU_002_F_07.jpg,149,59,315,258
PolyU_002_F_08.jpg,145,63,318,257
PolyU_002_F_09.jpg,149,58,315,255
PolyU_002_F_10.jpg,146,60,314,256
PolyU_002_S_01.jpg,157,54,326,251
PolyU_002_S_02.jpg,155,53,327,253
PolyU_002_S_03.jpg,158,55,327,251
PolyU_002_S_04.jpg,150,56,327,252
PolyU_002_S_05.jpg,157,54,328,249
PolyU_002_S_06.jpg,160,54,325,253
PolyU_002_S_07.jpg,152,53,327,251
PolyU_002_S_08.jpg,154,56,328,254
PolyU_002_S_09.jpg,160,57,329,252
PolyU_002_S_10.jpg,151,53,330,247
PolyU_003_F_01.jpg,113,52,301,251
PolyU_003_F_02.jpg,115,54,302,245
PolyU_003_F_03.jpg,110,52,300,251
PolyU_003_F_04.jpg,114,54,300,253
PolyU_003_F_05.jpg,110,53,300,250
PolyU_003_F_06.jpg,113,53,301,252
PolyU_003_F_07.jpg,110,53,300,250
PolyU_003_F_08.jpg,114,52,302,250
PolyU_003_F_09.jpg,114,53,300,248
PolyU_003_F_10.jpg,112,57,300,252
PolyU_003_S_01.jpg,104,40,294,237
PolyU_003_S_02.jpg,102,40,297,235
PolyU_003_S_03.jpg,104,39,297,235
PolyU_003_S_04.jpg,106,40,295,235
PolyU_003_S_05.jpg,101,39,292,217
PolyU_003_S_06.jpg,108,43,294,221
PolyU_003_S_07.jpg,107,40,296,225
PolyU_003_S_08.jpg,103,48,291,236
PolyU_003_S_09.jpg,101,41,295,235
PolyU_003_S_10.jpg,106,42,295,218
PolyU_004_F_01.jpg,150,56,327,251
PolyU_004_F_02.jpg,147,53,326,253
PolyU_004_F_03.jpg,151,58,327,253
PolyU_004_F_04.jpg,146,58,327,255
PolyU_004_F_05.jpg,152,56,328,253
PolyU_004_F_06.jpg,147,64,327,250
PolyU_004_F_07.jpg,146,54,327,251
PolyU_004_F_08.jpg,151,60,323,257
PolyU_004_F_09.jpg,148,54,326,254
PolyU_004_F_10.jpg,148,53,328,252
PolyU_004_S_01.jpg,148,39,323,240
PolyU_004_S_02.jpg,144,42,321,238
PolyU_004_S_03.jpg,155,43,322,239
PolyU_004_S_04.jpg,152,42,322,238
PolyU_004_S_05.jpg,153,40,326,242
PolyU_004_S_06.jpg,155,40,324,237
PolyU_004_S_07.jpg,152,40,325,238
PolyU_004_S_08.jpg,158,40,323,238
PolyU_004_S_09.jpg,150,40,322,238
PolyU_004_S_10.jpg,144,41,323,236
PolyU_005_F_01.jpg,106,54,300,221
PolyU_005_F_02.jpg,105,54,300,216
PolyU_005_F_03.jpg,112,52,298,228
PolyU_005_F_04.jpg,112,53,300,233
PolyU_005_F_05.jpg,113,52,300,227
PolyU_005_F_06.jpg,119,55,300,231
PolyU_005_F_07.jpg,114,61,301,239
PolyU_005_F_08.jpg,112,55,300,235
PolyU_005_F_09.jpg,113,54,302,230
PolyU_005_F_10.jpg,129,72,302,245
PolyU_005_S_01.jpg,101,42,295,212
PolyU_005_S_02.jpg,110,37,296,220
PolyU_005_S_03.jpg,112,42,296,213
PolyU_005_S_04.jpg,104,58,298,221
PolyU_005_S_05.jpg,103,42,297,216
PolyU_005_S_06.jpg,107,41,296,216
PolyU_005_S_07.jpg,109,41,297,207
PolyU_005_S_08.jpg,101,43,296,209
PolyU_005_S_09.jpg,105,45,295,206
PolyU_005_S_10.jpg,113,42,298,208
PolyU_006_F_01.jpg,148,80,329,248
PolyU_006_F_02.jpg,147,82,329,250
PolyU_006_F_03.jpg,157,75,330,251
PolyU_006_F_04.jpg,146,75,328,251
PolyU_006_F_05.jpg,150,78,326,254
PolyU_006_F_06.jpg,146,71,328,253
PolyU_006_F_07.jpg,147,80,328,254
PolyU_006_F_08.jpg,144,87,331,254
PolyU_006_F_09.jpg,150,71,329,252
PolyU_006_F_10.jpg,165,73,328,252
PolyU_006_S_01.jpg,145,65,321,239
PolyU_006_S_02.jpg,140,53,322,237
PolyU_006_S_03.jpg,152,57,323,238
PolyU_006_S_04.jpg,153,55,322,240
PolyU_006_S_05.jpg,166,64,322,239
PolyU_006_S_06.jpg,163,57,322,234
PolyU_006_S_07.jpg,162,55,322,229
PolyU_006_S_08.jpg,164,59,324,226
PolyU_006_S_09.jpg,157,58,324,237
PolyU_006_S_10.jpg,156,53,321,229
PolyU_007_F_01.jpg,98,61,290,257
PolyU_007_F_02.jpg,97,57,291,255
PolyU_007_F_03.jpg,99,58,290,255
PolyU_007_F_04.jpg,98,57,290,255
PolyU_007_F_05.jpg,100,58,289,252
PolyU_007_F_06.jpg,100,57,291,250
PolyU_007_F_07.jpg,100,67,290,251
PolyU_007_F_08.jpg,97,56,293,257
PolyU_007_F_09.jpg,97,57,291,255
PolyU_007_F_10.jpg,98,56,291,251
PolyU_007_S_01.jpg,112,47,295,222
PolyU_007_S_02.jpg,107,46,296,235
PolyU_007_S_03.jpg,103,47,296,218
PolyU_007_S_04.jpg,102,44,296,235
PolyU_007_S_05.jpg,104,42,296,231
PolyU_007_S_06.jpg,103,45,294,230
PolyU_007_S_07.jpg,104,44,297,232
PolyU_007_S_08.jpg,101,53,297,233
PolyU_007_S_09.jpg,102,44,293,232
PolyU_007_S_10.jpg,103,44,293,236
PolyU_008_F_01.jpg,132,58,315,255
PolyU_008_F_02.jpg,135,59,317,255
PolyU_008_F_03.jpg,129,62,315,256
PolyU_008_F_04.jpg,130,70,316,255
PolyU_008_F_05.jpg,141,62,313,257
PolyU_008_F_06.jpg,138,64,317,257
PolyU_008_F_07.jpg,138,71,317,257
PolyU_008_F_08.jpg,141,95,320,259
PolyU_008_F_09.jpg,152,81,318,258
PolyU_008_F_10.jpg,150,84,318,256
PolyU_008_S_01.jpg,145,69,326,243
PolyU_008_S_02.jpg,143,65,320,242
PolyU_008_S_03.jpg,144,65,323,245
PolyU_008_S_04.jpg,144,63,325,241
PolyU_008_S_05.jpg,143,67,322,240
PolyU_008_S_06.jpg,148,67,325,244
PolyU_008_S_07.jpg,146,66,320,243
PolyU_008_S_08.jpg,144,65,325,244
PolyU_008_S_09.jpg,147,68,323,238
PolyU_008_S_10.jpg,147,62,325,245
PolyU_009_F_01.jpg,96,58,288,257
PolyU_009_F_02.jpg,102,63,289,256
PolyU_009_F_03.jpg,99,57,288,255
PolyU_009_F_04.jpg,95,61,289,256
PolyU_009_F_05.jpg,101,55,284,256
PolyU_009_F_06.jpg,100,60,290,255
PolyU_009_F_07.jpg,96,57,287,255
PolyU_009_F_08.jpg,99,58,290,257
PolyU_009_F_09.jpg,95,56,289,255
PolyU_009_F_10.jpg,102,57,289,254
PolyU_009_S_01.jpg,110,52,301,252
PolyU_009_S_02.jpg,105,54,300,250
PolyU_009_S_03.jpg,107,50,301,249
PolyU_009_S_04.jpg,106,56,299,251
PolyU_009_S_05.jpg,109,56,301,252
PolyU_009_S_06.jpg,106,54,300,253
PolyU_009_S_07.jpg,110,56,299,249
PolyU_009_S_08.jpg,112,55,300,251
PolyU_009_S_09.jpg,109,57,301,250
PolyU_009_S_10.jpg,109,54,298,247
PolyU_010_F_01.jpg,133,73,319,256
PolyU_010_F_02.jpg,131,70,317,256
PolyU_010_F_03.jpg,134,75,316,257
PolyU_010_F_04.jpg,133,76,315,257
PolyU_010_F_05.jpg,133,76,315,257
PolyU_010_F_06.jpg,137,65,314,255
PolyU_010_F_07.jpg,135,69,316,257
PolyU_010_F_08.jpg,137,63,316,258
PolyU_010_F_09.jpg,135,65,310,254
PolyU_010_F_10.jpg,133,69,313,256
PolyU_010_S_01.jpg,148,65,327,252
PolyU_010_S_02.jpg,149,58,328,252
PolyU_010_S_03.jpg,143,61,327,252
PolyU_010_S_04.jpg,144,59,328,252
PolyU_010_S_05.jpg,146,61,328,252
PolyU_010_S_06.jpg,143,63,328,252
PolyU_010_S_07.jpg,138,63,330,253
PolyU_010_S_08.jpg,145,63,327,252
PolyU_010_S_09.jpg,143,61,330,252
PolyU_010_S_10.jpg,143,59,328,254
PolyU_011_F_01.jpg,98,56,291,252
PolyU_011_F_02.jpg,104,60,291,252
PolyU_011_F_03.jpg,107,58,288,249
PolyU_011_F_04.jpg,103,56,288,250
PolyU_011_F_05.jpg,102,59,290,253
PolyU_011_F_06.jpg,99,55,291,248
PolyU_011_F_07.jpg,97,56,290,247
PolyU_011_F_08.jpg,101,68,293,242
PolyU_011_F_09.jpg,98,59,292,242
PolyU_011_F_10.jpg,99,60,290,248
PolyU_011_S_01.jpg,113,43,295,235
PolyU_011_S_02.jpg,115,40,296,231
PolyU_011_S_03.jpg,113,44,295,229
PolyU_011_S_04.jpg,110,44,297,231
PolyU_011_S_05.jpg,108,39,296,231
PolyU_011_S_06.jpg,109,40,298,232
PolyU_011_S_07.jpg,111,45,297,237
PolyU_011_S_08.jpg,107,40,297,235
PolyU_011_S_09.jpg,107,45,297,231
PolyU_011_S_10.jpg,109,40,295,233
PolyU_012_F_01.jpg,133,69,318,254
PolyU_012_F_02.jpg,135,72,318,259
PolyU_012_F_03.jpg,140,70,317,254
PolyU_012_F_04.jpg,134,74,314,254
PolyU_012_F_05.jpg,139,75,317,256
PolyU_012_F_06.jpg,134,79,318,253
PolyU_012_F_07.jpg,138,74,319,253
PolyU_012_F_08.jpg,142,70,316,253
PolyU_012_F_09.jpg,141,73,316,253
PolyU_012_F_10.jpg,142,73,320,256
PolyU_012_S_01.jpg,147,66,323,236
PolyU_012_S_02.jpg,146,58,322,239
PolyU_012_S_03.jpg,146,56,325,235
PolyU_012_S_04.jpg,146,57,323,236
PolyU_012_S_05.jpg,148,54,321,237
PolyU_012_S_06.jpg,143,61,322,238
PolyU_012_S_07.jpg,142,59,323,235
PolyU_012_S_08.jpg,143,56,323,236
PolyU_012_S_09.jpg,153,47,322,238
PolyU_012_S_10.jpg,144,57,324,237
PolyU_013_F_01.jpg,103,57,287,248
PolyU_013_F_02.jpg,102,57,288,254
PolyU_013_F_03.jpg,96,59,288,249
PolyU_013_F_04.jpg,102,58,289,238
PolyU_013_F_05.jpg,101,57,287,245
PolyU_013_F_06.jpg,99,56,290,248
PolyU_013_F_07.jpg,95,59,288,252
PolyU_013_F_08.jpg,98,59,288,249
PolyU_013_F_09.jpg,100,58,287,245
PolyU_013_F_10.jpg,101,66,290,245
PolyU_013_S_01.jpg,114,57,298,239
PolyU_013_S_02.jpg,108,58,302,244
PolyU_013_S_03.jpg,110,55,303,246
PolyU_013_S_04.jpg,110,55,302,246
PolyU_013_S_05.jpg,110,54,302,240
PolyU_013_S_07.jpg,108,53,301,248
PolyU_013_S_08.jpg,110,56,301,245
PolyU_013_S_09.jpg,112,54,299,242
PolyU_013_S_10.jpg,106,56,299,249
PolyU_014_F_01.jpg,135,69,315,251
PolyU_014_F_02.jpg,133,67,315,254
PolyU_014_F_03.jpg,136,64,315,248
PolyU_014_F_04.jpg,133,63,319,250
PolyU_014_F_05.jpg,132,69,317,251
PolyU_014_F_06.jpg,131,62,316,244
PolyU_014_F_07.jpg,131,65,318,245
PolyU_014_F_08.jpg,133,58,315,236
PolyU_014_F_09.jpg,131,64,316,237
PolyU_014_F_10.jpg,134,66,313,248
PolyU_014_S_01.jpg,146,59,325,249
PolyU_014_S_02.jpg,145,60,328,247
PolyU_014_S_03.jpg,151,61,327,251
PolyU_014_S_04.jpg,147,63,326,247
PolyU_014_S_05.jpg,146,65,327,249
PolyU_014_S_06.jpg,151,69,325,251
PolyU_014_S_07.jpg,153,63,329,248
PolyU_014_S_08.jpg,153,67,325,252
PolyU_014_S_09.jpg,153,65,327,250
PolyU_014_S_10.jpg,152,70,324,248
PolyU_015_F_01.jpg,96,59,288,251
PolyU_015_F_02.jpg,98,58,289,247
PolyU_015_F_03.jpg,99,58,288,248
PolyU_015_F_04.jpg,96,60,287,248
PolyU_015_F_05.jpg,100,58,287,247
PolyU_015_F_06.jpg,98,55,290,251
PolyU_015_F_07.jpg,95,58,290,251
PolyU_015_F_08.jpg,95,55,291,254
PolyU_015_F_09.jpg,95,60,289,250
PolyU_015_F_10.jpg,94,58,289,252
PolyU_015_S_01.jpg,100,46,294,227
PolyU_015_S_02.jpg,100,43,293,229
PolyU_015_S_03.jpg,106,45,296,217
PolyU_015_S_04.jpg,100,47,293,233
PolyU_015_S_05.jpg,100,46,293,232
PolyU_015_S_06.jpg,103,43,294,235
PolyU_015_S_07.jpg,98,43,295,227
PolyU_015_S_08.jpg,102,44,295,218
PolyU_015_S_09.jpg,99,43,293,231
PolyU_015_S_10.jpg,100,46,294,230
PolyU_016_F_01.jpg,138,69,320,256
PolyU_016_F_02.jpg,141,57,314,255
PolyU_016_F_03.jpg,136,64,314,259
PolyU_016_F_04.jpg,135,61,316,254
PolyU_016_F_05.jpg,129,62,318,254
PolyU_016_F_06.jpg,135,64,318,252
PolyU_016_F_07.jpg,133,58,316,253
PolyU_016_F_08.jpg,133,57,312,250
PolyU_016_F_09.jpg,127,64,320,252
PolyU_016_F_10.jpg,128,62,320,246
PolyU_016_S_01.jpg,153,50,324,244
PolyU_016_S_02.jpg,144,55,324,242
PolyU_016_S_03.jpg,135,49,323,235
PolyU_016_S_04.jpg,135,53,322,242
PolyU_016_S_05.jpg,139,51,320,238
PolyU_016_S_06.jpg,133,46,326,220
PolyU_016_S_07.jpg,133,48,325,238
PolyU_016_S_08.jpg,136,42,321,233
PolyU_016_S_09.jpg,137,50,322,238
PolyU_016_S_10.jpg,134,48,326,230
PolyU_017_F_01.jpg,100,60,293,256
PolyU_017_F_02.jpg,99,64,289,256
PolyU_017_F_03.jpg,100,59,285,253
PolyU_017_F_04.jpg,97,65,291,254
PolyU_017_F_05.jpg,99,64,291,254
PolyU_017_F_06.jpg,98,61,291,257
PolyU_017_F_07.jpg,100,63,291,255
PolyU_017_F_08.jpg,94,61,292,256
PolyU_017_F_09.jpg,95,62,292,256
PolyU_017_F_10.jpg,93,63,290,257
PolyU_017_S_01.jpg,104,41,293,235
PolyU_017_S_02.jpg,106,42,292,236
PolyU_017_S_03.jpg,103,41,294,229
PolyU_017_S_04.jpg,102,41,293,237
PolyU_017_S_05.jpg,110,43,292,235
PolyU_017_S_06.jpg,103,42,294,234
PolyU_017_S_07.jpg,108,40,292,234
PolyU_017_S_08.jpg,100,43,293,232
PolyU_017_S_09.jpg,102,39,294,237
PolyU_017_S_10.jpg,102,43,295,239
PolyU_018_F_01.jpg,131,58,318,258
PolyU_018_F_02.jpg,132,57,318,255
PolyU_018_F_03.jpg,137,60,319,255
PolyU_018_F_04.jpg,135,57,318,256
PolyU_018_F_05.jpg,134,59,318,257
PolyU_018_F_06.jpg,132,58,318,256
PolyU_018_F_07.jpg,134,59,318,256
PolyU_018_F_08.jpg,143,59,319,257
PolyU_018_F_09.jpg,140,59,318,255
PolyU_018_F_10.jpg,139,59,319,257
PolyU_018_S_01.jpg,138,43,322,239
PolyU_018_S_02.jpg,142,43,322,239
PolyU_018_S_03.jpg,139,44,322,238
PolyU_018_S_04.jpg,141,42,321,237
PolyU_018_S_05.jpg,139,40,324,240
PolyU_018_S_06.jpg,139,42,323,238
PolyU_018_S_07.jpg,138,41,323,238
PolyU_018_S_08.jpg,143,41,323,239
PolyU_018_S_09.jpg,138,43,324,237
PolyU_018_S_10.jpg,144,43,323,238
PolyU_019_F_01.jpg,110,57,302,224
PolyU_019_F_02.jpg,109,56,301,219
PolyU_019_F_03.jpg,109,56,304,226
PolyU_019_F_04.jpg,108,54,302,227
PolyU_019_F_05.jpg,108,54,301,232
PolyU_019_F_06.jpg,111,56,303,222
PolyU_019_F_07.jpg,109,56,301,226
PolyU_019_F_08.jpg,110,57,302,225
PolyU_019_F_09.jpg,108,56,303,230
PolyU_019_F_10.jpg,109,56,302,228
PolyU_019_S_01.jpg,101,41,295,217
PolyU_019_S_02.jpg,101,44,294,216
PolyU_019_S_03.jpg,101,43,291,221
PolyU_019_S_04.jpg,99,44,294,218
PolyU_019_S_05.jpg,99,43,293,216
PolyU_019_S_06.jpg,100,42,293,214
PolyU_019_S_07.jpg,101,43,296,212
PolyU_019_S_08.jpg,106,43,293,204
PolyU_019_S_09.jpg,101,43,293,225
PolyU_019_S_10.jpg,102,43,295,224
PolyU_020_F_01.jpg,144,57,330,256
PolyU_020_F_02.jpg,146,60,329,253
PolyU_020_F_03.jpg,144,67,331,254
PolyU_020_F_04.jpg,143,57,329,255
PolyU_020_F_05.jpg,143,58,328,255
PolyU_020_F_06.jpg,142,56,329,254
PolyU_020_F_07.jpg,142,54,329,255
PolyU_020_F_08.jpg,145,54,331,253
PolyU_020_F_09.jpg,141,55,329,255
PolyU_020_F_10.jpg,141,54,331,253
PolyU_020_S_01.jpg,135,43,325,240
PolyU_020_S_02.jpg,137,50,326,240
PolyU_020_S_03.jpg,133,50,323,238
PolyU_020_S_04.jpg,135,51,324,239
PolyU_020_S_05.jpg,135,43,324,237
PolyU_020_S_06.jpg,142,45,325,228
PolyU_020_S_07.jpg,136,48,323,236
PolyU_020_S_08.jpg,135,47,323,236
PolyU_020_S_09.jpg,133,42,325,236
PolyU_020_S_10.jpg,133,44,325,238
PolyU_021_F_01.jpg,119,46,296,244
PolyU_021_F_02.jpg,119,47,296,240
PolyU_021_F_03.jpg,104,45,272,217
PolyU_021_F_04.jpg,114,43,276,222
PolyU_021_F_05.jpg,115,45,278,214
PolyU_021_F_06.jpg,106,49,270,225
PolyU_021_F_07.jpg,117,47,291,216
PolyU_021_F_08.jpg,116,46,293,216
PolyU_021_F_09.jpg,115,44,284,221
PolyU_021_S_01.jpg,123,42,316,238
PolyU_021_S_02.jpg,119,50,315,244
PolyU_021_S_03.jpg,119,46,315,238
PolyU_021_S_04.jpg,116,45,316,237
PolyU_021_S_05.jpg,119,47,316,243
PolyU_021_S_06.jpg,118,56,315,242
PolyU_021_S_07.jpg,118,54,315,238
PolyU_021_S_08.jpg,120,50,314,241
PolyU_021_S_09.jpg,120,46,315,243
PolyU_021_S_10.jpg,119,46,315,240
PolyU_022_F_01.jpg,122,45,309,241
PolyU_022_F_02.jpg,118,45,305,242
PolyU_022_F_03.jpg,116,46,305,244
PolyU_022_F_04.jpg,120,45,306,242
PolyU_022_F_05.jpg,118,61,251,240
PolyU_022_F_06.jpg,121,52,245,242
PolyU_022_F_07.jpg,126,58,257,237
PolyU_022_F_08.jpg,121,60,257,237
PolyU_022_F_09.jpg,139,54,268,238
PolyU_022_F_10.jpg,137,59,266,241
PolyU_022_S_01.jpg,158,44,345,244
PolyU_022_S_02.jpg,155,47,342,240
PolyU_022_S_03.jpg,165,43,344,243
PolyU_022_S_04.jpg,155,43,343,243
PolyU_022_S_05.jpg,153,41,343,243
PolyU_022_S_06.jpg,151,43,343,242
PolyU_022_S_07.jpg,151,42,342,242
PolyU_022_S_08.jpg,153,43,341,241
PolyU_022_S_09.jpg,159,44,343,242
PolyU_022_S_10.jpg,153,43,341,243
PolyU_023_F_01.jpg,96,57,292,252
PolyU_023_F_02.jpg,96,59,290,244
PolyU_023_F_03.jpg,96,59,292,243
PolyU_023_F_04.jpg,96,58,289,252
PolyU_023_F_05.jpg,96,58,291,238
PolyU_023_F_06.jpg,96,59,290,253
PolyU_023_F_07.jpg,97,59,292,252
PolyU_023_F_08.jpg,96,59,290,254
PolyU_023_F_09.jpg,97,59,291,248
PolyU_023_F_10.jpg,96,59,292,244
PolyU_023_S_01.jpg,127,45,323,216
PolyU_023_S_02.jpg,129,48,322,235
PolyU_023_S_03.jpg,129,48,319,239
PolyU_023_S_04.jpg,130,44,317,238
PolyU_023_S_05.jpg,126,47,318,239
PolyU_023_S_06.jpg,128,46,319,240
PolyU_023_S_07.jpg,127,46,319,238
PolyU_023_S_08.jpg,128,49,319,239
PolyU_023_S_09.jpg,127,47,321,240
PolyU_023_S_10.jpg,127,51,320,238
PolyU_024_F_01.jpg,130,77,318,256
PolyU_024_F_02.jpg,129,60,319,256
PolyU_024_F_03.jpg,129,63,316,251
PolyU_024_F_04.jpg,129,59,318,256
PolyU_024_F_05.jpg,131,60,318,256
PolyU_024_F_06.jpg,131,61,320,251
PolyU_024_F_07.jpg,130,57,319,251
PolyU_024_F_08.jpg,131,59,319,239
PolyU_024_F_09.jpg,132,63,319,238
PolyU_024_F_10.jpg,129,62,319,246
PolyU_024_S_01.jpg,119,50,325,237
PolyU_024_S_02.jpg,121,47,306,238
PolyU_024_S_03.jpg,116,47,306,238
PolyU_024_S_04.jpg,131,48,322,234
PolyU_024_S_05.jpg,123,50,311,239
PolyU_024_S_06.jpg,128,49,314,237
PolyU_024_S_07.jpg,117,48,300,235
PolyU_024_S_08.jpg,118,49,305,237
PolyU_024_S_09.jpg,120,47,307,241
PolyU_024_S_10.jpg,115,50,304,241
PolyU_025_F_01.jpg,99,57,290,254
PolyU_025_F_02.jpg,98,59,291,255
PolyU_025_F_03.jpg,97,57,291,255
PolyU_025_F_04.jpg,103,59,293,250
PolyU_025_F_05.jpg,99,58,290,251
PolyU_025_F_06.jpg,98,56,289,257
PolyU_025_F_07.jpg,97,58,291,255
PolyU_025_F_08.jpg,98,59,291,257
PolyU_025_F_09.jpg,98,58,291,255
PolyU_025_S_01.jpg,107,54,301,249
PolyU_025_S_02.jpg,108,54,301,249
PolyU_025_S_03.jpg,108,56,299,251
PolyU_025_S_04.jpg,109,55,302,250
PolyU_025_S_05.jpg,106,55,300,247
PolyU_025_S_06.jpg,108,56,302,249
PolyU_025_S_07.jpg,107,56,298,251
PolyU_025_S_08.jpg,112,54,301,249
PolyU_025_S_09.jpg,109,55,302,247
PolyU_025_S_10.jpg,107,56,300,247
PolyU_026_F_01.jpg,130,66,313,256
PolyU_026_F_02.jpg,129,59,319,257
PolyU_026_F_03.jpg,129,60,319,255
PolyU_026_F_04.jpg,133,60,319,256
PolyU_026_F_05.jpg,130,59,318,256
PolyU_026_F_06.jpg,129,59,320,248
PolyU_026_F_07.jpg,128,59,320,248
PolyU_026_F_08.jpg,129,58,318,248
PolyU_026_F_09.jpg,129,58,320,254
PolyU_026_F_10.jpg,129,58,320,251
PolyU_026_S_01.jpg,140,53,330,253
PolyU_026_S_02.jpg,145,54,330,254
PolyU_026_S_03.jpg,142,55,329,254
PolyU_026_S_04.jpg,147,56,330,252
PolyU_026_S_05.jpg,149,55,329,251
PolyU_026_S_06.jpg,147,54,329,252
PolyU_026_S_07.jpg,154,54,329,253
PolyU_026_S_08.jpg,145,55,330,254
PolyU_026_S_09.jpg,151,55,328,252
PolyU_026_S_10.jpg,150,53,329,252
PolyU_027_F_01.jpg,109,59,301,253
PolyU_027_F_02.jpg,108,54,301,254
PolyU_027_F_03.jpg,108,54,301,251
PolyU_027_F_04.jpg,109,55,303,252
PolyU_027_F_05.jpg,109,56,302,251
PolyU_027_F_06.jpg,108,54,302,248
PolyU_027_F_07.jpg,108,56,298,249
PolyU_027_F_08.jpg,108,54,304,246
PolyU_027_F_09.jpg,110,56,302,250
PolyU_027_F_10.jpg,109,54,303,251
PolyU_027_S_01.jpg,123,48,316,244
PolyU_027_S_02.jpg,122,48,318,244
PolyU_027_S_03.jpg,121,47,315,241
PolyU_027_S_04.jpg,120,47,316,244
PolyU_027_S_05.jpg,121,48,317,242
PolyU_027_S_06.jpg,120,49,315,240
PolyU_027_S_07.jpg,121,50,316,240
PolyU_027_S_08.jpg,120,47,314,240
PolyU_027_S_09.jpg,121,48,315,242
PolyU_027_S_10.jpg,122,47,315,245
PolyU_028_F_01.jpg,142,57,331,248
PolyU_028_F_02.jpg,142,54,330,254
PolyU_028_F_03.jpg,140,57,329,252
PolyU_028_F_04.jpg,140,55,330,251
PolyU_028_F_05.jpg,140,55,330,250
PolyU_028_F_06.jpg,142,56,330,253
PolyU_028_F_07.jpg,140,54,329,253
PolyU_028_F_08.jpg,141,54,330,252
PolyU_028_F_09.jpg,140,56,330,250
PolyU_028_F_10.jpg,142,55,330,251
PolyU_028_S_01.jpg,110,47,301,245
PolyU_028_S_02.jpg,115,48,305,246
PolyU_028_S_03.jpg,112,49,304,245
PolyU_028_S_04.jpg,118,47,310,243
PolyU_028_S_05.jpg,115,48,305,247
PolyU_028_S_06.jpg,114,48,305,246
PolyU_028_S_07.jpg,113,46,304,245
PolyU_028_S_08.jpg,116,46,304,246
PolyU_028_S_09.jpg,112,46,303,247
PolyU_028_S_10.jpg,119,47,309,245
PolyU_029_F_01.jpg,109,56,303,248
PolyU_029_F_02.jpg,108,56,303,250
PolyU_029_F_03.jpg,109,54,303,252
PolyU_029_F_04.jpg,108,54,301,250
PolyU_029_F_05.jpg,108,54,303,251
PolyU_029_F_06.jpg,107,54,303,252
PolyU_029_F_07.jpg,108,56,303,252
PolyU_029_F_08.jpg,108,56,301,250
PolyU_029_F_09.jpg,108,54,302,253
PolyU_029_F_10.jpg,107,53,303,253
PolyU_029_S_01.jpg,108,54,303,232
PolyU_029_S_02.jpg,106,54,301,232
PolyU_029_S_03.jpg,108,54,300,235
PolyU_029_S_04.jpg,108,54,301,235
PolyU_029_S_05.jpg,107,56,302,232
PolyU_029_S_06.jpg,107,54,300,234
PolyU_029_S_07.jpg,107,54,302,232
PolyU_029_S_08.jpg,106,54,301,230
PolyU_029_S_09.jpg,108,55,301,229
PolyU_029_S_10.jpg,107,55,302,227
PolyU_030_F_01.jpg,142,55,332,243
PolyU_030_F_02.jpg,141,55,330,253
PolyU_030_F_03.jpg,141,56,331,253
PolyU_030_F_04.jpg,142,55,332,253
PolyU_030_F_05.jpg,140,54,330,252
PolyU_030_F_06.jpg,142,55,331,249
PolyU_030_F_07.jpg,141,55,330,250
PolyU_030_F_08.jpg,141,56,331,251
PolyU_030_F_09.jpg,141,55,331,254
PolyU_030_F_10.jpg,142,56,331,251
PolyU_030_S_01.jpg,141,52,331,253
PolyU_030_S_02.jpg,141,53,329,253
PolyU_030_S_03.jpg,143,52,330,254
PolyU_030_S_04.jpg,141,52,330,254
PolyU_030_S_05.jpg,142,53,328,253
PolyU_030_S_06.jpg,141,53,328,253
PolyU_030_S_07.jpg,141,52,329,254
PolyU_030_S_08.jpg,140,53,329,252
PolyU_030_S_09.jpg,142,52,330,253
PolyU_030_S_10.jpg,140,52,332,253
PolyU_031_F_01.jpg,96,57,291,258
PolyU_031_F_02.jpg,95,60,291,251
PolyU_031_F_03.jpg,98,57,291,251
PolyU_031_F_04.jpg,96,59,291,249
PolyU_031_F_05.jpg,96,58,291,247
PolyU_031_F_06.jpg,99,58,292,246
PolyU_031_F_07.jpg,97,58,292,248
PolyU_031_F_08.jpg,100,57,291,239
PolyU_031_F_09.jpg,103,59,292,242
PolyU_031_F_10.jpg,97,59,292,256
PolyU_031_S_01.jpg,102,44,297,242
PolyU_031_S_02.jpg,101,43,296,243
PolyU_031_S_03.jpg,102,45,296,239
PolyU_031_S_04.jpg,102,44,298,238
PolyU_031_S_05.jpg,106,44,296,227
PolyU_031_S_06.jpg,102,44,297,241
PolyU_031_S_07.jpg,103,43,296,238
PolyU_031_S_08.jpg,101,45,296,241
PolyU_031_S_09.jpg,101,43,297,241
PolyU_031_S_10.jpg,102,45,294,233
PolyU_032_F_01.jpg,134,59,319,257
PolyU_032_F_02.jpg,137,62,318,258
PolyU_032_F_03.jpg,130,59,318,257
PolyU_032_F_04.jpg,128,58,318,256
PolyU_032_F_05.jpg,128,58,317,255
PolyU_032_F_06.jpg,131,58,320,252
PolyU_032_F_07.jpg,143,60,319,257
PolyU_032_F_08.jpg,132,60,319,256
PolyU_032_F_09.jpg,143,72,317,257
PolyU_032_F_10.jpg,130,59,320,257
PolyU_032_S_01.jpg,141,43,327,242
PolyU_032_S_02.jpg,140,42,325,241
PolyU_032_S_03.jpg,151,51,326,242
PolyU_032_S_04.jpg,140,44,325,243
PolyU_032_S_05.jpg,136,43,326,241
PolyU_032_S_06.jpg,134,44,326,240
PolyU_032_S_07.jpg,135,44,326,238
PolyU_032_S_08.jpg,135,44,326,240
PolyU_032_S_09.jpg,137,44,324,241
PolyU_032_S_10.jpg,141,40,324,242
PolyU_033_F_01.jpg,98,58,291,255
PolyU_033_F_02.jpg,96,58,290,254
PolyU_033_F_03.jpg,96,58,290,253
PolyU_033_F_04.jpg,97,58,289,254
PolyU_033_F_05.jpg,97,59,291,255
PolyU_033_F_06.jpg,95,57,291,255
PolyU_033_F_07.jpg,96,57,290,255
PolyU_033_F_08.jpg,97,58,292,253
PolyU_033_F_09.jpg,96,58,291,253
PolyU_033_F_10.jpg,96,56,290,255
PolyU_033_S_01.jpg,107,54,303,248
PolyU_033_S_02.jpg,110,52,302,252
PolyU_033_S_03.jpg,108,56,303,252
PolyU_033_S_04.jpg,109,54,302,252
PolyU_033_S_05.jpg,112,55,304,250
PolyU_033_S_06.jpg,115,55,303,252
PolyU_033_S_07.jpg,109,55,302,252
PolyU_033_S_08.jpg,109,55,303,251
PolyU_033_S_09.jpg,115,55,303,252
PolyU_033_S_10.jpg,110,54,302,252
PolyU_034_F_01.jpg,129,63,315,254
PolyU_034_F_02.jpg,136,60,317,257
PolyU_034_F_03.jpg,140,58,317,255
PolyU_034_F_04.jpg,129,61,316,257
PolyU_034_F_05.jpg,133,58,315,257
PolyU_034_F_06.jpg,137,60,316,258
PolyU_034_F_07.jpg,139,56,318,256
PolyU_034_F_08.jpg,131,60,317,255
PolyU_034_F_09.jpg,134,58,316,256
PolyU_034_F_10.jpg,138,58,318,257
PolyU_034_S_01.jpg,144,54,330,253
PolyU_034_S_02.jpg,143,54,330,253
PolyU_034_S_03.jpg,143,53,330,255
PolyU_034_S_04.jpg,144,53,329,254
PolyU_034_S_05.jpg,150,56,329,254
PolyU_034_S_06.jpg,145,54,330,252
PolyU_034_S_07.jpg,148,53,329,251
PolyU_034_S_08.jpg,140,54,330,253
PolyU_034_S_09.jpg,142,53,330,255
PolyU_034_S_10.jpg,143,55,329,254
PolyU_035_F_01.jpg,98,58,289,253
PolyU_035_F_02.jpg,98,58,288,255
PolyU_035_F_03.jpg,99,55,289,252
PolyU_035_F_04.jpg,98,59,288,257
PolyU_035_F_05.jpg,98,58,289,255
PolyU_035_F_06.jpg,97,57,288,255
PolyU_035_F_07.jpg,98,59,289,254
PolyU_035_F_08.jpg,98,58,289,256
PolyU_035_F_09.jpg,98,58,288,251
PolyU_035_F_10.jpg,100,58,292,256
PolyU_035_S_01.jpg,101,44,295,238
PolyU_035_S_02.jpg,101,44,295,238
PolyU_035_S_03.jpg,99,45,295,242
PolyU_035_S_04.jpg,102,47,294,240
PolyU_035_S_05.jpg,103,45,297,238
PolyU_035_S_06.jpg,101,43,295,235
PolyU_035_S_07.jpg,102,46,296,239
PolyU_035_S_08.jpg,104,46,295,241
PolyU_035_S_09.jpg,101,46,298,241
PolyU_035_S_10.jpg,102,44,296,241
PolyU_036_F_01.jpg,134,60,318,255
PolyU_036_F_02.jpg,132,59,320,259
PolyU_036_F_03.jpg,130,55,318,248
PolyU_036_F_04.jpg,131,58,321,251
PolyU_036_F_05.jpg,131,59,320,257
PolyU_036_F_06.jpg,131,63,320,256
PolyU_036_F_07.jpg,130,63,318,255
PolyU_036_F_08.jpg,131,57,319,257
PolyU_036_F_09.jpg,131,57,320,257
PolyU_036_F_10.jpg,132,57,319,257
PolyU_036_S_01.jpg,133,43,326,244
PolyU_036_S_02.jpg,136,43,325,242
PolyU_036_S_03.jpg,133,43,325,244
PolyU_036_S_04.jpg,135,43,326,243
PolyU_036_S_05.jpg,134,43,326,240
PolyU_036_S_06.jpg,133,43,325,241
PolyU_036_S_07.jpg,134,43,326,241
PolyU_036_S_08.jpg,135,43,326,242
PolyU_036_S_09.jpg,132,43,326,243
PolyU_036_S_10.jpg,134,44,326,240
PolyU_037_F_01.jpg,97,57,290,249
PolyU_037_F_02.jpg,96,57,291,254
PolyU_037_F_03.jpg,96,58,292,255
PolyU_037_F_04.jpg,96,57,290,252
PolyU_037_F_05.jpg,96,57,290,252
PolyU_037_F_06.jpg,96,57,291,252
PolyU_037_F_07.jpg,96,58,291,251
PolyU_037_F_08.jpg,96,58,289,250
PolyU_037_F_09.jpg,95,57,291,250
PolyU_037_F_10.jpg,95,57,291,246
PolyU_037_S_01.jpg,100,44,296,229
PolyU_037_S_02.jpg,98,44,294,234
PolyU_037_S_03.jpg,98,43,295,231
PolyU_037_S_04.jpg,100,44,291,232
PolyU_037_S_05.jpg,99,43,294,235
PolyU_037_S_06.jpg,99,44,292,236
PolyU_037_S_07.jpg,98,44,293,236
PolyU_037_S_08.jpg,99,43,290,236
PolyU_037_S_09.jpg,98,43,292,236
PolyU_037_S_10.jpg,99,43,292,235
PolyU_038_F_01.jpg,127,58,318,258
PolyU_038_F_02.jpg,126,60,317,257
PolyU_038_F_03.jpg,128,60,318,257
PolyU_038_F_04.jpg,127,60,318,258
PolyU_038_F_05.jpg,127,59,318,257
PolyU_038_F_06.jpg,127,61,318,258
PolyU_038_F_07.jpg,127,60,318,257
PolyU_038_F_08.jpg,127,60,319,258
PolyU_038_F_09.jpg,129,60,317,256
PolyU_038_F_10.jpg,127,60,317,257
PolyU_038_S_01.jpg,133,43,324,241
PolyU_038_S_02.jpg,132,45,323,243
PolyU_038_S_03.jpg,131,44,324,243
PolyU_038_S_04.jpg,132,44,323,243
PolyU_038_S_05.jpg,132,46,324,242
PolyU_038_S_06.jpg,132,47,324,244
PolyU_038_S_07.jpg,132,45,325,243
PolyU_038_S_08.jpg,130,45,324,244
PolyU_038_S_09.jpg,131,45,324,242
PolyU_038_S_10.jpg,134,45,324,243
PolyU_039_F_01.jpg,96,58,290,252
PolyU_039_F_02.jpg,97,57,292,244
PolyU_039_F_03.jpg,97,58,291,240
PolyU_039_F_04.jpg,98,59,291,242
PolyU_039_F_05.jpg,97,56,291,244
PolyU_039_F_06.jpg,97,58,292,247
PolyU_039_F_07.jpg,97,58,290,252
PolyU_039_F_08.jpg,97,57,291,246
PolyU_039_F_09.jpg,96,58,291,246
PolyU_039_F_10.jpg,96,57,290,244
PolyU_039_S_01.jpg,118,44,316,238
PolyU_039_S_02.jpg,118,44,314,235
PolyU_039_S_03.jpg,119,44,314,237
PolyU_039_S_04.jpg,120,43,317,235
PolyU_039_S_05.jpg,119,44,315,237
PolyU_039_S_06.jpg,119,45,316,236
PolyU_039_S_07.jpg,119,44,317,236
PolyU_039_S_08.jpg,120,45,317,232
PolyU_039_S_09.jpg,121,43,316,237
PolyU_039_S_10.jpg,121,45,314,234
PolyU_040_F_01.jpg,138,85,319,259
PolyU_040_F_02.jpg,133,87,320,258
PolyU_040_F_03.jpg,130,77,320,257
PolyU_040_F_04.jpg,130,81,318,257
PolyU_040_F_05.jpg,129,79,318,257
PolyU_040_F_06.jpg,130,80,320,258
PolyU_040_F_07.jpg,128,73,320,257
PolyU_040_F_08.jpg,129,73,320,257
PolyU_040_F_09.jpg,129,74,320,258
PolyU_040_F_10.jpg,130,80,319,257
PolyU_040_S_01.jpg,150,45,343,241
PolyU_040_S_02.jpg,152,43,342,241
PolyU_040_S_03.jpg,151,45,341,242
PolyU_040_S_04.jpg,153,43,343,242
PolyU_040_S_05.jpg,151,43,342,242
PolyU_040_S_06.jpg,150,41,342,243
PolyU_040_S_07.jpg,151,42,342,241
PolyU_040_S_08.jpg,150,43,342,243
PolyU_040_S_09.jpg,151,42,344,244
PolyU_040_S_10.jpg,153,43,343,244
PolyU_041_F_01.jpg,109,54,301,252
PolyU_041_F_02.jpg,108,54,303,244
PolyU_041_F_03.jpg,107,54,302,238
PolyU_041_F_04.jpg,108,56,301,232
PolyU_041_F_05.jpg,109,55,301,238
PolyU_041_F_06.jpg,107,56,298,243
PolyU_041_F_07.jpg,107,55,301,239
PolyU_041_F_08.jpg,107,54,300,225
PolyU_041_F_09.jpg,108,54,300,248
PolyU_041_F_10.jpg,108,54,297,249
PolyU_041_S_01.jpg,107,53,302,251
PolyU_041_S_02.jpg,108,54,302,241
PolyU_041_S_03.jpg,108,54,302,252
PolyU_041_S_04.jpg,108,53,299,245
PolyU_041_S_05.jpg,108,54,302,250
PolyU_041_S_06.jpg,108,55,301,233
PolyU_041_S_07.jpg,108,54,302,254
PolyU_041_S_08.jpg,107,53,300,241
PolyU_041_S_09.jpg,108,55,300,247
PolyU_041_S_10.jpg,108,54,300,249
PolyU_042_F_01.jpg,143,57,329,255
PolyU_042_F_02.jpg,141,57,328,255
PolyU_042_F_03.jpg,142,56,328,253
PolyU_042_F_04.jpg,143,63,329,257
PolyU_042_F_05.jpg,139,64,329,254
PolyU_042_F_06.jpg,141,57,330,255
PolyU_042_F_07.jpg,141,58,329,253
PolyU_042_F_08.jpg,141,56,330,255
PolyU_042_F_09.jpg,140,60,329,255
PolyU_042_F_10.jpg,141,57,328,254
PolyU_042_S_01.jpg,140,56,327,249
PolyU_042_S_02.jpg,140,56,328,254
PolyU_042_S_03.jpg,141,62,329,253
PolyU_042_S_04.jpg,142,52,330,252
PolyU_042_S_05.jpg,142,54,328,252
PolyU_042_S_06.jpg,141,58,329,254
PolyU_042_S_07.jpg,141,54,330,253
PolyU_042_S_08.jpg,145,52,328,253
PolyU_042_S_09.jpg,142,52,327,253
PolyU_042_S_10.jpg,139,53,328,252
PolyU_043_F_01.jpg,97,59,291,246
PolyU_043_F_02.jpg,97,59,290,248
PolyU_043_F_03.jpg,97,58,291,245
PolyU_043_F_04.jpg,98,58,290,240
PolyU_043_F_05.jpg,98,59,291,244
PolyU_043_F_06.jpg,98,57,291,248
PolyU_043_F_07.jpg,97,59,290,249
PolyU_043_F_08.jpg,97,59,293,252
PolyU_043_F_09.jpg,96,58,289,251
PolyU_043_F_10.jpg,99,64,291,255
PolyU_043_S_01.jpg,109,62,301,253
PolyU_043_S_02.jpg,107,60,303,253
PolyU_043_S_03.jpg,107,54,301,251
PolyU_043_S_04.jpg,111,52,302,252
PolyU_043_S_05.jpg,106,53,301,251
PolyU_043_S_06.jpg,108,53,301,248
PolyU_043_S_07.jpg,107,53,303,251
PolyU_043_S_08.jpg,108,53,303,249
PolyU_043_S_09.jpg,106,53,301,251
PolyU_043_S_10.jpg,109,54,302,250
PolyU_044_F_01.jpg,129,62,318,256
PolyU_044_F_02.jpg,131,68,318,259
PolyU_044_F_03.jpg,128,59,317,256
PolyU_044_F_04.jpg,127,58,319,256
PolyU_044_F_05.jpg,132,60,318,257
PolyU_044_F_06.jpg,145,60,317,258
PolyU_044_F_07.jpg,129,62,317,257
PolyU_044_F_08.jpg,132,60,317,257
PolyU_044_F_09.jpg,130,59,317,257
PolyU_044_F_10.jpg,132,67,316,257
PolyU_044_S_01.jpg,140,53,328,253
PolyU_044_S_02.jpg,140,58,326,254
PolyU_044_S_03.jpg,140,59,329,255
PolyU_044_S_04.jpg,141,58,327,255
PolyU_044_S_05.jpg,141,60,329,255
PolyU_044_S_06.jpg,141,60,328,252
PolyU_044_S_07.jpg,139,56,330,252
PolyU_044_S_08.jpg,140,62,329,252
PolyU_044_S_09.jpg,141,62,328,255
PolyU_044_S_10.jpg,140,61,329,252
PolyU_045_F_01.jpg,98,59,289,252
PolyU_045_F_02.jpg,99,58,285,250
PolyU_045_F_03.jpg,98,59,284,252
PolyU_045_F_04.jpg,99,59,290,252
PolyU_045_F_05.jpg,98,58,290,252
PolyU_045_F_06.jpg,98,59,290,253
PolyU_045_F_07.jpg,96,57,289,252
PolyU_045_F_08.jpg,99,56,289,250
PolyU_045_F_09.jpg,97,60,290,252
PolyU_045_F_10.jpg,98,60,290,252
PolyU_045_S_01.jpg,107,54,303,252
PolyU_045_S_02.jpg,108,57,303,252
PolyU_045_S_03.jpg,107,73,303,253
PolyU_045_S_04.jpg,107,63,302,254
PolyU_045_S_05.jpg,105,72,303,253
PolyU_045_S_06.jpg,110,65,298,249
PolyU_045_S_07.jpg,108,69,302,252
PolyU_045_S_08.jpg,108,71,302,252
PolyU_045_S_09.jpg,107,67,302,252
PolyU_045_S_10.jpg,109,63,300,253
PolyU_046_F_01.jpg,133,60,316,256
PolyU_046_F_02.jpg,129,58,318,251
PolyU_046_F_03.jpg,128,55,318,244
PolyU_046_F_04.jpg,131,57,319,254
PolyU_046_F_05.jpg,129,57,318,253
PolyU_046_F_06.jpg,137,61,320,252
PolyU_046_F_07.jpg,134,59,317,251
PolyU_046_F_08.jpg,130,57,317,251
PolyU_046_F_09.jpg,132,59,317,253
PolyU_046_F_10.jpg,130,57,318,250
PolyU_046_S_01.jpg,142,54,330,224
PolyU_046_S_02.jpg,139,52,329,221
PolyU_046_S_03.jpg,138,56,327,227
PolyU_046_S_04.jpg,139,53,329,222
PolyU_046_S_05.jpg,139,55,330,240
PolyU_046_S_06.jpg,137,53,329,227
PolyU_046_S_07.jpg,142,54,329,232
PolyU_046_S_08.jpg,141,54,330,223
PolyU_046_S_09.jpg,139,54,329,219
PolyU_046_S_10.jpg,139,54,332,230
PolyU_047_F_01.jpg,97,59,288,235
PolyU_047_F_02.jpg,96,59,286,231
PolyU_047_F_03.jpg,96,57,280,232
PolyU_047_F_04.jpg,97,59,287,221
PolyU_047_F_05.jpg,98,59,285,225
PolyU_047_F_06.jpg,98,59,287,229
PolyU_047_F_07.jpg,96,58,288,231
PolyU_047_F_08.jpg,97,59,289,232
PolyU_047_F_09.jpg,97,60,288,232
PolyU_047_F_10.jpg,97,57,288,230
PolyU_047_S_01.jpg,125,45,319,219
PolyU_047_S_02.jpg,122,44,316,218
PolyU_047_S_03.jpg,122,44,316,218
PolyU_047_S_04.jpg,125,44,315,224
PolyU_047_S_05.jpg,123,45,318,223
PolyU_047_S_06.jpg,122,45,315,222
PolyU_047_S_07.jpg,122,44,316,225
PolyU_047_S_08.jpg,123,44,317,220
PolyU_047_S_09.jpg,122,45,317,213
PolyU_047_S_10.jpg,124,44,318,214
PolyU_048_F_01.jpg,127,60,316,257
PolyU_048_F_02.jpg,127,60,317,257
PolyU_048_F_03.jpg,126,73,316,259
PolyU_048_F_04.jpg,126,80,317,255
PolyU_048_F_05.jpg,126,75,315,256
PolyU_048_F_06.jpg,128,72,316,257
PolyU_048_F_07.jpg,127,83,313,254
PolyU_048_F_08.jpg,126,85,319,255
PolyU_048_F_09.jpg,129,87,316,255
PolyU_048_F_10.jpg,129,96,314,254
PolyU_048_S_01.jpg,134,52,325,244
PolyU_048_S_02.jpg,135,64,310,242
PolyU_048_S_03.jpg,137,70,312,240
PolyU_048_S_04.jpg,134,59,306,237
PolyU_048_S_05.jpg,136,70,312,242
PolyU_048_S_06.jpg,135,63,311,236
PolyU_048_S_07.jpg,139,66,310,236
PolyU_048_S_08.jpg,135,71,303,244
PolyU_048_S_09.jpg,134,48,323,240
PolyU_048_S_10.jpg,135,68,311,242
PolyU_049_F_01.jpg,108,55,301,252
PolyU_049_F_02.jpg,122,55,302,244
PolyU_049_F_03.jpg,117,56,302,248
PolyU_049_F_04.jpg,116,56,300,252
PolyU_049_F_05.jpg,109,55,302,254
PolyU_049_F_06.jpg,117,56,302,251
PolyU_049_F_07.jpg,110,56,302,253
PolyU_049_F_08.jpg,114,55,301,254
PolyU_049_F_09.jpg,112,55,300,254
PolyU_049_F_10.jpg,113,56,301,254
PolyU_049_S_01.jpg,123,47,318,247
PolyU_049_S_02.jpg,127,48,317,246
PolyU_049_S_03.jpg,123,49,317,247
PolyU_049_S_04.jpg,123,47,317,248
PolyU_049_S_05.jpg,132,46,319,250
PolyU_049_S_06.jpg,124,46,317,246
PolyU_049_S_07.jpg,122,48,317,246
PolyU_049_S_08.jpg,120,47,317,247
PolyU_049_S_09.jpg,122,47,317,247
PolyU_049_S_10.jpg,121,48,317,246
PolyU_050_F_01.jpg,148,63,327,257
PolyU_050_F_02.jpg,152,58,328,257
PolyU_050_F_03.jpg,151,60,327,260
PolyU_050_F_04.jpg,146,55,327,254
PolyU_050_F_05.jpg,152,60,325,257
PolyU_050_F_06.jpg,156,55,329,253
PolyU_050_F_07.jpg,147,62,325,262
PolyU_050_F_08.jpg,150,53,326,252
PolyU_050_F_09.jpg,154,59,326,259
PolyU_050_F_10.jpg,156,55,329,254
PolyU_050_S_01.jpg,168,43,344,246
PolyU_050_S_02.jpg,168,46,345,246
PolyU_050_S_03.jpg,178,46,345,246
PolyU_050_S_04.jpg,166,48,344,247
PolyU_050_S_05.jpg,161,49,344,247
PolyU_050_S_06.jpg,163,51,345,246
PolyU_050_S_07.jpg,164,49,344,246
PolyU_050_S_08.jpg,157,46,345,247
PolyU_050_S_09.jpg,159,47,344,245
PolyU_050_S_10.jpg,169,46,344,246
PolyU_051_F_01.jpg,96,59,292,255
PolyU_051_F_02.jpg,96,58,291,256
PolyU_051_F_03.jpg,98,58,291,255
PolyU_051_F_04.jpg,95,59,292,250
PolyU_051_F_05.jpg,99,57,292,258
PolyU_051_F_06.jpg,96,60,292,257
PolyU_051_F_07.jpg,95,58,291,255
PolyU_051_F_08.jpg,95,59,292,257
PolyU_051_F_09.jpg,96,57,294,257
PolyU_051_F_10.jpg,95,57,292,257
PolyU_051_S_01.jpg,106,55,303,255
PolyU_051_S_02.jpg,107,53,304,246
PolyU_051_S_03.jpg,107,53,302,253
PolyU_051_S_04.jpg,107,53,301,254
PolyU_051_S_05.jpg,107,53,301,254
PolyU_051_S_06.jpg,106,53,300,254
PolyU_051_S_07.jpg,107,54,302,253
PolyU_051_S_08.jpg,105,53,302,247
PolyU_051_S_09.jpg,108,53,301,239
PolyU_051_S_10.jpg,127,60,317,260
PolyU_052_F_01.jpg,127,57,316,258
PolyU_052_F_02.jpg,127,57,316,258
PolyU_052_F_03.jpg,129,58,318,257
PolyU_052_F_04.jpg,127,62,314,262
PolyU_052_F_05.jpg,126,59,317,255
PolyU_052_F_06.jpg,126,58,314,258
PolyU_052_F_07.jpg,128,57,318,257
PolyU_052_F_08.jpg,127,61,316,260
PolyU_052_F_09.jpg,130,63,315,263
PolyU_052_F_10.jpg,138,57,317,258
PolyU_052_S_01.jpg,141,56,329,255
PolyU_052_S_02.jpg,138,54,328,255
PolyU_052_S_03.jpg,140,57,329,254
PolyU_052_S_04.jpg,149,55,329,252
PolyU_052_S_05.jpg,140,59,329,252
PolyU_052_S_06.jpg,140,55,330,254
PolyU_052_S_07.jpg,139,57,329,255
PolyU_052_S_08.jpg,139,56,329,256
PolyU_052_S_09.jpg,139,55,328,255
PolyU_052_S_10.jpg,140,57,330,255
PolyU_053_F_01.jpg,96,59,293,256
PolyU_053_F_02.jpg,96,58,292,253
PolyU_053_F_03.jpg,96,59,291,257
PolyU_053_F_04.jpg,95,60,292,257
PolyU_053_F_05.jpg,96,58,293,258
PolyU_053_F_06.jpg,97,59,292,257
PolyU_053_F_07.jpg,97,58,292,258
PolyU_053_F_08.jpg,96,60,292,255
PolyU_053_F_09.jpg,95,59,292,256
PolyU_053_F_10.jpg,96,58,293,257
PolyU_053_S_01.jpg,106,53,302,253
PolyU_053_S_02.jpg,107,54,301,254
PolyU_053_S_03.jpg,107,54,302,254
PolyU_053_S_04.jpg,109,55,302,253
PolyU_053_S_05.jpg,108,55,303,254
PolyU_053_S_06.jpg,108,54,302,254
PolyU_053_S_07.jpg,108,54,303,255
PolyU_053_S_08.jpg,107,53,302,254
PolyU_053_S_09.jpg,107,54,301,254
PolyU_053_S_10.jpg,107,55,303,254
PolyU_054_F_01.jpg,130,61,318,258
PolyU_054_F_02.jpg,129,61,318,259
PolyU_054_F_03.jpg,130,59,318,256
PolyU_054_F_04.jpg,127,60,318,257
PolyU_054_F_05.jpg,133,59,318,256
PolyU_054_F_06.jpg,128,59,318,257
PolyU_054_F_07.jpg,128,59,317,256
PolyU_054_F_08.jpg,131,58,317256,256
PolyU_054_F_09.jpg,128,59,318,257
PolyU_054_F_10.jpg,128,59,318,255
PolyU_054_S_01.jpg,142,55,329,255
PolyU_054_S_02.jpg,141,55,328,254
PolyU_054_S_03.jpg,140,55,329,253
PolyU_054_S_04.jpg,142,55,329,253
PolyU_054_S_05.jpg,143,53,331,254
PolyU_054_S_06.jpg,143,53,330,254
PolyU_054_S_07.jpg,142,53,331,255
PolyU_054_S_08.jpg,141,54,330,252
PolyU_054_S_09.jpg,140,56,328,254
PolyU_054_S_10.jpg,141,53,330,254
PolyU_055_F_01.jpg,97,58,291,255
PolyU_055_F_02.jpg,96,57,290,258
PolyU_055_F_03.jpg,96,58,290,254
PolyU_055_F_04.jpg,97,60,291,255
PolyU_055_F_05.jpg,98,57,290,255
PolyU_055_F_06.jpg,96,58,291,257
PolyU_055_F_07.jpg,96,67,292,257
PolyU_055_F_08.jpg,99,67,291,257
PolyU_055_F_09.jpg,99,62,289,255
PolyU_055_F_10.jpg,98,73,290,257
PolyU_055_S_01.jpg,107,54,301,248
PolyU_055_S_02.jpg,106,54,300,250
PolyU_055_S_03.jpg,107,54,303,252
PolyU_055_S_04.jpg,106,54,302,251
PolyU_055_S_05.jpg,108,55,303,252
PolyU_055_S_06.jpg,107,54,301,251
PolyU_055_S_07.jpg,108,55,300,252
PolyU_055_S_08.jpg,107,55,301,252
PolyU_055_S_09.jpg,107,54,302,252
PolyU_055_S_10.jpg,108,55,303,250
PolyU_056_F_01.jpg,137,58,320,258
PolyU_056_F_02.jpg,136,57,319,260
PolyU_056_F_03.jpg,137,58,319,258
PolyU_056_F_04.jpg,140,59,318,257
PolyU_056_F_05.jpg,129,59,320,255
PolyU_056_F_06.jpg,130,58,319,253
PolyU_056_F_07.jpg,131,59,319,254
PolyU_056_F_08.jpg,131,58,317,257
PolyU_056_F_09.jpg,129,58,319,249
PolyU_056_F_10.jpg,128,59,317,244
PolyU_056_S_01.jpg,154,56,330,254
PolyU_056_S_02.jpg,148,54,331,248
PolyU_056_S_03.jpg,141,54,330,244
PolyU_056_S_04.jpg,146,54,330,242
PolyU_056_S_05.jpg,141,54,330,239
PolyU_056_S_06.jpg,146,5,331,245
PolyU_056_S_07.jpg,141,55,330,249
PolyU_056_S_08.jpg,141,54,331,244
PolyU_056_S_09.jpg,140,54,332,240
PolyU_056_S_10.jpg,152,55,331,244
PolyU_057_F_01.jpg,98,61,292,235
PolyU_057_F_02.jpg,97,60,292,237
PolyU_057_F_03.jpg,98,59,291,240
PolyU_057_F_04.jpg,98,58,292,233
PolyU_057_F_05.jpg,97,58,291,248
PolyU_057_F_06.jpg,96,60,292,233
PolyU_057_F_07.jpg,97,60,292,244
PolyU_057_F_08.jpg,98,56,293,243
PolyU_057_F_09.jpg,98,58,291,246
PolyU_057_F_10.jpg,97,59,292,254
PolyU_057_S_01.jpg,100,44,296,227
PolyU_057_S_02.jpg,100,46,298,236
PolyU_057_S_03.jpg,101,45,297,236
PolyU_057_S_04.jpg,102,44,295,230
PolyU_057_S_05.jpg,102,45,298,233
PolyU_057_S_06.jpg,100,43,296,231
PolyU_057_S_07.jpg,106,43,299,223
PolyU_057_S_08.jpg,103,42,298,212
PolyU_057_S_09.jpg,104,42,297,213
PolyU_057_S_10.jpg,101,45,299,221
PolyU_058_F_01.jpg,131,64,320,257
PolyU_058_F_02.jpg,130,69,318,258
PolyU_058_F_03.jpg,131,64,320,257
PolyU_058_F_04.jpg,138,60,317,257
PolyU_058_F_05.jpg,137,58,318,255
PolyU_058_F_06.jpg,138,58,318,251
PolyU_058_F_07.jpg,131,58,319,253
PolyU_058_F_08.jpg,137,58,318,256
PolyU_058_F_09.jpg,129,58,320,251
PolyU_058_F_10.jpg,130,56,316,246
PolyU_058_S_01.jpg,133,43,326,241
PolyU_058_S_02.jpg,133,43,324,243
PolyU_058_S_03.jpg,135,43,325,240
PolyU_058_S_04.jpg,135,43,326,233
PolyU_058_S_05.jpg,133,43,326,214
PolyU_058_S_06.jpg,134,41,325,240
PolyU_058_S_07.jpg,133,47,324,241
PolyU_058_S_08.jpg,135,43,325,237
PolyU_058_S_09.jpg,136,45,325,239
PolyU_058_S_10.jpg,135,40,325,239
PolyU_059_F_01.jpg,98,57,292,258
PolyU_059_F_02.jpg,98,58,288,256
PolyU_059_F_03.jpg,98,57,292,255
PolyU_059_F_04.jpg,98,59,292,258
PolyU_059_F_05.jpg,98,57,291,247
PolyU_059_F_06.jpg,99,63,292,242
PolyU_059_F_07.jpg,98,58,292,244
PolyU_059_F_08.jpg,99,58,292,248
PolyU_059_F_09.jpg,98,58,291,245
PolyU_059_F_10.jpg,98,58,293,235
PolyU_059_S_01.jpg,124,44,296,238
PolyU_059_S_02.jpg,120,44,297,240
PolyU_059_S_03.jpg,129,44,296,239
PolyU_059_S_04.jpg,108,46,295,242
PolyU_059_S_05.jpg,104,45,296,227
PolyU_059_S_06.jpg,102,45,295,239
PolyU_059_S_07.jpg,103,44,296,229
PolyU_059_S_08.jpg,103,44,296,243
PolyU_059_S_09.jpg,102,46,296,244
PolyU_059_S_10.jpg,102,46,295,243
PolyU_060_F_01.jpg,132,59,320,257
PolyU_060_F_02.jpg,131,59,320,258
PolyU_060_F_03.jpg,130,59,319,256
PolyU_060_F_04.jpg,130,57,320,258
PolyU_060_F_05.jpg,130,58,320,258
PolyU_060_F_06.jpg,131,61,319,256
PolyU_060_F_07.jpg,131,59,318,256
PolyU_060_F_08.jpg,128,60,320,259
PolyU_060_F_09.jpg,130,60,318,255
PolyU_060_F_10.jpg,130,62,321,256
PolyU_060_S_01.jpg,135,44,326,241
PolyU_060_S_02.jpg,136,43,325,241
PolyU_060_S_03.jpg,137,46,325,242
PolyU_060_S_04.jpg,135,43,326,239
PolyU_060_S_05.jpg,135,43,325,239
PolyU_060_S_06.jpg,136,43,325,242
PolyU_060_S_07.jpg,137,44,325,243
PolyU_060_S_08.jpg,135,45,324,239
PolyU_060_S_09.jpg,135,44,326,244
PolyU_060_S_10.jpg,136,46,325,243
PolyU_061_F_01.jpg,97,59,293,247
PolyU_061_F_02.jpg,97,64,294,246
PolyU_061_F_03.jpg,95,58,294,245
PolyU_061_F_04.jpg,98,67,292,249
PolyU_061_F_05.jpg,97,66,292,247
PolyU_061_F_06.jpg,99,69,290,250
PolyU_061_F_07.jpg,97,68,289,242
PolyU_061_F_08.jpg,97,68,289,242
PolyU_061_F_09.jpg,97,72,294,248
PolyU_061_F_10.jpg,96,70,292,245
PolyU_061_S_01.jpg,107,54,301,244
PolyU_061_S_02.jpg,107,57,302,249
PolyU_061_S_03.jpg,107,58,301,250
PolyU_061_S_04.jpg,108,63,302,251
PolyU_061_S_05.jpg,108,58,301,249
PolyU_061_S_06.jpg,108,53,300,245
PolyU_061_S_07.jpg,107,53,300,250
PolyU_061_S_08.jpg,107,55,301,248
PolyU_061_S_09.jpg,107,56,301,248
PolyU_061_S_10.jpg,107,55,301,245
PolyU_062_F_01.jpg,130,58,320,252
PolyU_062_F_02.jpg,130,57,319,255
PolyU_062_F_03.jpg,129,57,320,255
PolyU_062_F_04.jpg,130,58,320,256
PolyU_062_F_05.jpg,130,59,319,256
PolyU_062_F_06.jpg,129,59,320,253
PolyU_062_F_07.jpg,129,58,319,255
PolyU_062_F_08.jpg,130,57,320,254
PolyU_062_F_09.jpg,130,57,319,255
PolyU_062_F_10.jpg,130,57,319,254
PolyU_062_S_01.jpg,141,61,331,254
PolyU_062_S_02.jpg,141,60,330,252
PolyU_062_S_03.jpg,142,57,330,252
PolyU_062_S_04.jpg,141,58,329,252
PolyU_062_S_05.jpg,140,53,328,251
PolyU_062_S_06.jpg,142,52,327,250
PolyU_062_S_07.jpg,141,53,332,249
PolyU_062_S_08.jpg,142,53,330,253
PolyU_062_S_09.jpg,141,52,330,253
PolyU_062_S_10.jpg,142,53,331,251
PolyU_063_F_01.jpg,108,54,301,252
PolyU_063_F_02.jpg,107,55,302,252
PolyU_063_F_03.jpg,107,53,300,253
PolyU_063_F_04.jpg,107,54,302,254
PolyU_063_F_05.jpg,108,53,302,254
PolyU_063_F_06.jpg,107,53,301,251
PolyU_063_F_07.jpg,106,54,301,253
PolyU_063_F_08.jpg,107,54,301,254
PolyU_063_F_09.jpg,108,55,300,252
PolyU_063_F_10.jpg,108,54,301,252
PolyU_063_S_01.jpg,129,45,323,241
PolyU_063_S_02.jpg,130,45,320,240
PolyU_063_S_03.jpg,129,45,322,240
PolyU_063_S_04.jpg,130,45,323,241
PolyU_063_S_05.jpg,140,44,321,239
PolyU_063_S_06.jpg,135,44,323,242
PolyU_063_S_07.jpg,143,46,322,238
PolyU_063_S_08.jpg,132,46,324,240
PolyU_063_S_09.jpg,131,45,323,242
PolyU_063_S_10.jpg,132,44,324,239
PolyU_064_F_01.jpg,140,54,330,253
PolyU_064_F_02.jpg,142,53,329,253
PolyU_064_F_03.jpg,141,53,329,254
PolyU_064_F_04.jpg,141,55,329,252
PolyU_064_F_05.jpg,141,53,329,250
PolyU_064_F_06.jpg,141,54,330,253
PolyU_064_F_07.jpg,141,54,331,253
PolyU_064_F_08.jpg,140,54,330,252
PolyU_064_F_09.jpg,141,55,330,252
PolyU_064_F_10.jpg,142,55,330,54
PolyU_064_S_01.jpg,118,43,306,244
PolyU_064_S_02.jpg,121,45,309,242
PolyU_064_S_03.jpg,120,45,308,242
PolyU_064_S_04.jpg,164,44,350,242
PolyU_064_S_05.jpg,114,45,304,242
PolyU_064_S_06.jpg,117,45,304,244
PolyU_064_S_07.jpg,122,46,310,240
PolyU_064_S_08.jpg,121,45,309,238
PolyU_064_S_09.jpg,115,45,305,241
PolyU_064_S_10.jpg,122,45,312,241
PolyU_065_F_01.jpg,108,55,303,248
PolyU_065_F_02.jpg,108,54,301,246
PolyU_065_F_03.jpg,108,54,300,246
PolyU_065_F_04.jpg,109,55,300,245
PolyU_065_F_05.jpg,108,56,304,238
PolyU_065_F_06.jpg,107,54,300,248
PolyU_065_F_07.jpg,109,54,301,251
PolyU_065_F_08.jpg,106,55,305,244
PolyU_065_F_09.jpg,107,58,300,233
PolyU_065_F_10.jpg,108,59,303,244
PolyU_065_S_01.jpg,139,44,317,222
PolyU_065_S_02.jpg,132,44,320,218
PolyU_065_S_03.jpg,131,44,320,218
PolyU_065_S_04.jpg,127,44,320,217
PolyU_065_S_05.jpg,128,44,319,220
PolyU_065_S_06.jpg,131,42,321,221
PolyU_065_S_07.jpg,128,45,319,221
PolyU_065_S_08.jpg,127,44,319,222
PolyU_065_S_09.jpg,124,46,320,223
PolyU_065_S_10.jpg,128,45,320,227
PolyU_066_F_01.jpg,140,56,330,254
PolyU_066_F_02.jpg,141,57,329,255
PolyU_066_F_03.jpg,142,55,329,254
PolyU_066_F_04.jpg,143,56,330,255
PolyU_066_F_05.jpg,143,54,329,254
PolyU_066_F_06.jpg,141,54,330,254
PolyU_066_F_07.jpg,142,54,330,253
PolyU_066_F_08.jpg,140,55,330,252
PolyU_066_F_09.jpg,142,55,329,255
PolyU_066_F_10.jpg,141,55,328,254
PolyU_066_S_01.jpg,135,46,323,245
PolyU_066_S_02.jpg,133,46,323,244
PolyU_066_S_03.jpg,132,45,324,243
PolyU_066_S_04.jpg,133,46,323,243
PolyU_066_S_05.jpg,133,45,323,244
PolyU_066_S_06.jpg,133,46,323,244
PolyU_066_S_07.jpg,133,46,322,243
PolyU_066_S_08.jpg,135,46,323,242
PolyU_066_S_09.jpg,133,45,322,242
PolyU_066_S_10.jpg,133,45,323,242
PolyU_067_F_01.jpg,108,54,302,251
PolyU_067_F_02.jpg,108,55,302,249
PolyU_067_F_03.jpg,107,54,300,250
PolyU_067_F_04.jpg,111,54,300,250
PolyU_067_F_05.jpg,106,55,300,247
PolyU_067_F_06.jpg,108,53,300,250
PolyU_067_F_07.jpg,107,56,300,248
PolyU_067_F_08.jpg,107,55,299,250
PolyU_067_F_09.jpg,107,54,301,250
PolyU_067_F_10.jpg,107,55,300,246
PolyU_067_S_01.jpg,105,53,304,250
PolyU_067_S_02.jpg,106,54,302,248
PolyU_067_S_03.jpg,106,54,302,254
PolyU_067_S_04.jpg,107,54,302,251
PolyU_067_S_05.jpg,110,54,301,252
PolyU_067_S_06.jpg,108,54,302,253
PolyU_067_S_07.jpg,106,54,302,254
PolyU_067_S_08.jpg,107,55,303,253
PolyU_067_S_09.jpg,109,55,302,254
PolyU_067_S_10.jpg,108,53,302,253
PolyU_068_F_01.jpg,146,54,331,251
PolyU_068_F_02.jpg,142,58,330,256
PolyU_068_F_03.jpg,142,57,329,254
PolyU_068_F_04.jpg,144,58,327,256
PolyU_068_F_05.jpg,141,58,328,253
PolyU_068_F_06.jpg,147,57,328,253
PolyU_068_F_07.jpg,141,59,330,255
PolyU_068_F_08.jpg,141,58,329,253
PolyU_068_F_09.jpg,140,60,328,255
PolyU_068_F_10.jpg,140,59,329,255
PolyU_068_S_01.jpg,157,55,330,253
PolyU_068_S_02.jpg,141,56,329,254
PolyU_068_S_03.jpg,140,58,328,255
PolyU_068_S_04.jpg,142,59,326,254
PolyU_068_S_05.jpg,141,57,328,254
PolyU_068_S_06.jpg,153,57,328,253
PolyU_068_S_07.jpg,153,56,330,253
PolyU_068_S_08.jpg,154,56,328,254
PolyU_068_S_09.jpg,155,57,329,254
PolyU_068_S_10.jpg,154,55,328,254
PolyU_069_F_01.jpg,96,59,290,255
PolyU_069_F_02.jpg,96,57,289,252
PolyU_069_F_03.jpg,97,60,290,248
PolyU_069_F_04.jpg,98,58,292,246
PolyU_069_F_05.jpg,97,58,291,254
PolyU_069_F_06.jpg,98,60,292,249
PolyU_069_F_07.jpg,98,59,290,253
PolyU_069_F_08.jpg,96,58,290,257
PolyU_069_F_09.jpg,96,57,290,252
PolyU_069_F_10.jpg,97,59,290,253
PolyU_069_S_01.jpg,106,54,301,250
PolyU_069_S_02.jpg,108,54,302,252
PolyU_069_S_03.jpg,107,54,301,251
PolyU_069_S_04.jpg,106,53,298,250
PolyU_069_S_05.jpg,106,54,302,252
PolyU_069_S_06.jpg,105,54,301,253
PolyU_069_S_07.jpg,106,53,303,252
PolyU_069_S_08.jpg,108,54,301,254
PolyU_069_S_09.jpg,108,53,303,252
PolyU_069_S_10.jpg,107,55,301,253
PolyU_070_F_01.jpg,132,57,319,254
PolyU_070_F_02.jpg,132,59,318,256
PolyU_070_F_03.jpg,131,57,320,256
PolyU_070_F_04.jpg,130,57,318,256
PolyU_070_F_05.jpg,130,57,318,256
PolyU_070_F_06.jpg,132,64,315,263
PolyU_070_F_07.jpg,143,70,316,257
PolyU_070_F_08.jpg,130,58,318,257
PolyU_070_F_09.jpg,131,58,316,256
PolyU_070_F_10.jpg,130,60,319,259
PolyU_070_S_01.jpg,143,56,330,253
PolyU_070_S_02.jpg,149,53,331,253
PolyU_070_S_03.jpg,144,54,331,252
PolyU_070_S_04.jpg,144,54,331,252
PolyU_070_S_05.jpg,143,54,329,254
PolyU_070_S_06.jpg,150,56,331,254
PolyU_070_S_07.jpg,146,54,330,254
PolyU_070_S_08.jpg,145,54,329,253
PolyU_070_S_09.jpg,142,54,330,254
PolyU_070_S_10.jpg,143,54,330,252
PolyU_071_F_01.jpg,108,54,304,250
PolyU_071_F_02.jpg,108,55,304,244
PolyU_071_F_03.jpg,109,56,305,248
PolyU_071_F_04.jpg,109,55,304,248
PolyU_071_F_06.jpg,111,54,302,254
PolyU_071_F_07.jpg,108,55,304,251
PolyU_071_F_08.jpg,108,54,304,252
PolyU_071_F_09.jpg,108,54,305,250
PolyU_071_F_10.jpg,108,54,304,254
PolyU_071_S_01.jpg,101,43,297,41
PolyU_071_S_02.jpg,102,43,296,240
PolyU_071_S_03.jpg,100,44,297,238
PolyU_071_S_04.jpg,101,43,298,239
PolyU_071_S_05.jpg,102,44,297,237
PolyU_071_S_06.jpg,101,43,297,238
PolyU_071_S_07.jpg,101,44,297,240
PolyU_071_S_08.jpg,101,44,297,242
PolyU_071_S_09.jpg,101,44,298,241
PolyU_071_S_10.jpg,100,44,297,238
PolyU_072_F_01.jpg,142,57,330,253
PolyU_072_F_02.jpg,141,53,330,253
PolyU_072_F_03.jpg,143,55,331,253
PolyU_072_F_04.jpg,142,54,330,250
PolyU_072_F_05.jpg,142,55,331,252
PolyU_072_F_06.jpg,141,54,330,252
PolyU_072_F_07.jpg,140,57,330,237
PolyU_072_F_08.jpg,143,54,330,247
PolyU_072_F_09.jpg,142,55,332,249
PolyU_072_F_10.jpg,141,55,330,252
PolyU_072_S_01.jpg,137,43,326,241
PolyU_072_S_02.jpg,144,44,326,240
PolyU_072_S_03.jpg,161,43,327,241
PolyU_072_S_04.jpg,137,44,326,242
PolyU_072_S_05.jpg,135,44,326,240
PolyU_072_S_06.jpg,135,43,327,241
PolyU_072_S_07.jpg,134,44,325,240
PolyU_072_S_08.jpg,136,43,324,243
PolyU_072_S_09.jpg,136,44,326,241
PolyU_072_S_10.jpg,133,44,326,241
PolyU_073_F_01.jpg,98,59,293,257
PolyU_073_F_02.jpg,98,59,292,256
PolyU_073_F_03.jpg,99,59,289,255
PolyU_073_F_04.jpg,98,59,294,257
PolyU_073_F_05.jpg,98,59,291,257
PolyU_073_F_06.jpg,98,60,292,255
PolyU_073_F_07.jpg,100,58,291,255
PolyU_073_F_08.jpg,99,58,293,256
PolyU_073_F_09.jpg,98,58,292,255
PolyU_073_F_10.jpg,100,59,290,254
PolyU_073_S_01.jpg,137,44,297,236
PolyU_073_S_02.jpg,129,43,297,233
PolyU_073_S_03.jpg,129,47,297,294
PolyU_073_S_04.jpg,134,47,297,205
PolyU_073_S_05.jpg,115,46,296,213
PolyU_073_S_06.jpg,121,46,299,209
PolyU_073_S_07.jpg,116,44,298,214
PolyU_073_S_08.jpg,119,44,298,209
PolyU_073_S_09.jpg,103,46,296,237
PolyU_073_S_10.jpg,103,45,293,225
PolyU_074_F_01.jpg,130,59,317,253
PolyU_074_F_02.jpg,130,60,317,258
PolyU_074_F_03.jpg,130,58,318,255
PolyU_074_F_04.jpg,128,58,319,256
PolyU_074_F_05.jpg,129,58,319,256
PolyU_074_F_06.jpg,129,59,319,257
PolyU_074_F_07.jpg,128,58,318,257
PolyU_074_F_08.jpg,129,58,317,255
PolyU_074_F_09.jpg,129,58,317,255
PolyU_074_F_10.jpg,129,58,319,257
PolyU_074_S_01.jpg,133,44,326,242
PolyU_074_S_02.jpg,133,43,324,242
PolyU_074_S_03.jpg,134,43,325,241
PolyU_074_S_04.jpg,134,43,325,241
PolyU_074_S_05.jpg,135,44,325,242
PolyU_074_S_06.jpg,135,44,325,240
PolyU_074_S_07.jpg,134,44,324,241
PolyU_074_S_08.jpg,134,43,325,240
PolyU_074_S_09.jpg,136,43,325,241
PolyU_074_S_10.jpg,136,44,324,241
PolyU_075_F_01.jpg,97,59,290,252
PolyU_075_F_02.jpg,96,57,291,255
PolyU_075_F_03.jpg,96,58,289,255
PolyU_075_F_04.jpg,98,58,290,254
PolyU_075_F_05.jpg,96,56,289,253
PolyU_075_F_06.jpg,95,57,290,255
PolyU_075_F_07.jpg,98,58,290,253
PolyU_075_F_08.jpg,96,57,291,255
PolyU_075_F_09.jpg,95,57,290,253
PolyU_075_F_10.jpg,95,57,291,255
PolyU_075_S_01.jpg,107,54,301,253
PolyU_075_S_02.jpg,107,54,302,249
PolyU_075_S_03.jpg,107,54,302,252
PolyU_075_S_04.jpg,106,54,302,252
PolyU_075_S_05.jpg,108,54,304,253
PolyU_075_S_06.jpg,108,53,303,252
PolyU_075_S_07.jpg,107,54,301,252
PolyU_075_S_08.jpg,107,54,301,254
PolyU_075_S_09.jpg,108,55,302,254
PolyU_075_S_10.jpg,108,54,301,252
PolyU_076_F_01.jpg,129,58,316,257
PolyU_076_F_02.jpg,128,64,315,261
PolyU_076_F_03.jpg,128,64,314,261
PolyU_076_F_04.jpg,129,56,317,258
PolyU_076_F_05.jpg,133,61,318,257
PolyU_076_F_06.jpg,130,58,316,256
PolyU_076_F_07.jpg,137,62,315,258
PolyU_076_F_08.jpg,143,57,318,256
PolyU_076_F_09.jpg,131,78,317,256
PolyU_076_F_10.jpg,130,59,318,257
PolyU_076_S_01.jpg,141,56,330,252
PolyU_076_F_03.jpg,132,60,317,255
PolyU_076_F_04.jpg,129,56,317,258
PolyU_076_F_05.jpg,133,61,318,257
PolyU_076_F_06.jpg,130,58,316,256
PolyU_076_F_07.jpg,137,62,315,258
PolyU_076_F_08.jpg,143,57,318,256
PolyU_076_F_09.jpg,131,78,317,256
PolyU_076_F_10.jpg,130,59,318,257
PolyU_076_S_01.jpg,141,56,330,252
PolyU_076_S_02.jpg,142,55,329,253
PolyU_076_S_03.jpg,141,55,329,252
PolyU_076_S_04.jpg,142,55,326,253
PolyU_076_S_05.jpg,142,56,325,251
PolyU_076_S_06.jpg,141,54,329,255
PolyU_076_S_07.jpg,140,51,325,250
PolyU_076_S_08.jpg,141,56,329,252
PolyU_076_S_09.jpg,141,54,328,254
PolyU_076_S_10.jpg,141,54,330,250
PolyU_077_F_01.jpg,97,58,289,255
PolyU_077_F_02.jpg,98,59,290,254
PolyU_077_F_03.jpg,99,58,286,252
PolyU_077_F_04.jpg,98,58,90,254
PolyU_077_F_05.jpg,98,58,289,251
PolyU_077_F_06.jpg,97,58,291,254
PolyU_077_F_07.jpg,96,58,290,257
PolyU_077_F_08.jpg,97,58,292,257
PolyU_077_F_09.jpg,96,58,290,256
PolyU_077_F_10.jpg,99,60,289,255
PolyU_077_S_01.jpg,107,56,302,245
PolyU_077_S_02.jpg,108,55,303,238
PolyU_077_S_03.jpg,107,54,302,241
PolyU_077_S_04.jpg,118,55,304,239
PolyU_077_S_05.jpg,114,54,300,235
PolyU_077_S_06.jpg,109,55,303,251
PolyU_077_S_07.jpg,108,54,303,249
PolyU_077_S_08.jpg,109,55,302,248
PolyU_077_S_09.jpg,107,54,302,253
PolyU_077_S_10.jpg,106,54,303,252
PolyU_078_F_01.jpg,129,57,318,255
PolyU_078_F_02.jpg,128,58,317,256
PolyU_078_F_03.jpg,129,58,317,256
PolyU_078_F_04.jpg,130,59,314,255
PolyU_078_F_05.jpg,130,58,316,254
PolyU_078_F_06.jpg,128,58,315,254
PolyU_078_F_07.jpg,128,59,316,254
PolyU_078_F_08.jpg,130,60,316,256
PolyU_078_F_09.jpg,129,60,317,257
PolyU_078_F_10.jpg,129,59,315,256
PolyU_078_S_01.jpg,142,57,330,252
PolyU_078_S_02.jpg,142,54,328,251
PolyU_078_S_03.jpg,141,55,330,254
PolyU_078_S_04.jpg,140,53,328,253
PolyU_078_S_05.jpg,140,54,330,253
PolyU_078_S_06.jpg,141,54,328,250
PolyU_078_S_07.jpg,141,56,329,252
PolyU_078_S_08.jpg,141,54,330,252
PolyU_078_S_09.jpg,141,55,330,252
PolyU_078_S_10.jpg,145,52,332,252
PolyU_079_F_01.jpg,98,60,290,257
PolyU_079_F_02.jpg,97,57,292,257
PolyU_079_F_03.jpg,108,58,290,257
PolyU_079_F_04.jpg,105,58,291,254
PolyU_079_F_05.jpg,96,59,292,255
PolyU_079_F_06.jpg,97,57,289,257
PolyU_079_F_07.jpg,97,58,292,257
PolyU_079_F_08.jpg,97,59,290,255
PolyU_079_F_09.jpg,97,57,287,256
PolyU_079_F_10.jpg,97,59,290,257
PolyU_079_S_01.jpg,114,55,300,252
PolyU_079_S_02.jpg,111,55,301,252
PolyU_079_S_03.jpg,116,55,302,252
PolyU_079_S_04.jpg,115,55,302,252
PolyU_079_S_05.jpg,110,55,304,254
PolyU_079_S_06.jpg,112,55,304,255
PolyU_079_S_07.jpg,110,55,302,253
PolyU_079_S_08.jpg,109,55,302,252
PolyU_079_S_09.jpg,110,54,300,252
PolyU_079_S_10.jpg,107,54,301,254
PolyU_080_F_01.jpg,139,58,319,257
PolyU_080_F_02.jpg,141,59,319,255
PolyU_080_F_03.jpg,133,60,318,256
PolyU_080_F_04.jpg,134,60,320,257
PolyU_080_F_05.jpg,137,59,320,258
PolyU_080_F_06.jpg,140,60,319,257
PolyU_080_F_07.jpg,142,60,316,256
PolyU_080_F_08.jpg,136,60,319,259
PolyU_080_F_09.jpg,134,60,318,258
PolyU_080_F_10.jpg,139,60,149,54
PolyU_080_S_01.jpg,144,54,328,252
PolyU_080_S_02.jpg,145,55,330,252
PolyU_080_S_03.jpg,146,55,329,251
PolyU_080_S_04.jpg,146,54,330,252
PolyU_080_S_05.jpg,144,53,330,252
PolyU_080_S_06.jpg,143,54,330,254
PolyU_080_S_07.jpg,145,56,329,252
PolyU_080_S_08.jpg,143,54,330,252
PolyU_080_S_09.jpg,143,54,331,250
PolyU_080_S_10.jpg,148,54,328,253
PolyU_081_F_01.jpg,107,53,301,254
PolyU_081_F_02.jpg,109,54,302,253
PolyU_081_F_03.jpg,108,55,303,255
PolyU_081_F_04.jpg,108,54,301,251
PolyU_081_F_05.jpg,108,55,303,254
PolyU_081_F_06.jpg,110,54,304,254
PolyU_081_F_07.jpg,108,55,302,254
PolyU_081_F_08.jpg,110,53,302,254
PolyU_081_F_09.jpg,108,55,302,255
PolyU_081_F_10.jpg,107,55,302,254
PolyU_081_S_01.jpg,108,54,302,254
PolyU_081_S_02.jpg,107,55,304,255
PolyU_081_S_03.jpg,107,53,304,255
PolyU_081_S_04.jpg,108,55,302,253
PolyU_081_S_05.jpg,109,54,302,254
PolyU_081_S_06.jpg,108,54,303,252
PolyU_081_S_07.jpg,108,54,301,254
PolyU_081_S_08.jpg,109,54,303,252
PolyU_081_S_09.jpg,108,55,303,252
PolyU_081_S_10.jpg,109,55,302,253
PolyU_082_F_01.jpg,141,53,328,256
PolyU_082_F_02.jpg,141,55,330,252
PolyU_082_F_03.jpg,142,53,330,251
PolyU_082_F_04.jpg,142,57,329,253
PolyU_082_F_05.jpg,142,56,330,252
PolyU_082_F_06.jpg,140,58,331,256
PolyU_082_F_07.jpg,142,55,330,253
PolyU_082_F_08.jpg,140,54,329,253
PolyU_082_F_09.jpg,141,55,331,254
PolyU_082_F_10.jpg,141,56,331,255
PolyU_082_S_01.jpg,140,54,330,255
PolyU_082_S_02.jpg,141,53,329,252
PolyU_082_S_03.jpg,141,53,330,253
PolyU_082_S_04.jpg,142,55,329,253
PolyU_082_S_05.jpg,142,55,330,243
PolyU_082_S_06.jpg,142,55,330,250
PolyU_082_S_07.jpg,143,55,330,252
PolyU_082_S_08.jpg,143,54,330,252
PolyU_082_S_09.jpg,143,53,329,249
PolyU_082_S_10.jpg,143,54,331,249
PolyU_083_F_01.jpg,98,59,288,257
PolyU_083_F_02.jpg,96,59,291,256
PolyU_083_F_03.jpg,98,58,291,257
PolyU_083_F_04.jpg,99,59,291,256
PolyU_083_F_05.jpg,97,61,290,257
PolyU_083_F_06.jpg,97,61,290,256
PolyU_083_F_07.jpg,98,58,292,256
PolyU_083_F_08.jpg,98,58,292,258
PolyU_083_F_09.jpg,98,59,291,256
PolyU_083_F_10.jpg,98,59,291,258
PolyU_083_S_01.jpg,108,54,301,250
PolyU_083_S_02.jpg,107,55,301,252
PolyU_083_S_03.jpg,109,54,300,252
PolyU_083_S_04.jpg,107,53,300,252
PolyU_083_S_05.jpg,107,55,302,254
PolyU_083_S_06.jpg,108,54,298,251
PolyU_083_S_07.jpg,108,56,303,252
PolyU_083_S_08.jpg,110,56,301,252
PolyU_083_S_09.jpg,110,56,302,250
PolyU_083_S_10.jpg,110,54,300,253
PolyU_084_F_01.jpg,130,58,318,254
PolyU_084_F_02.jpg,130,58,317,254
PolyU_084_F_03.jpg,134,59,320,257
PolyU_084_F_04.jpg,133,59,318,255
PolyU_084_F_05.jpg,132,60,319,257
PolyU_084_F_06.jpg,134,57,320,258
PolyU_084_F_07.jpg,147,57,318,259
PolyU_084_F_08.jpg,139,54,317,259
PolyU_084_F_09.jpg,134,57,319,259
PolyU_084_F_10.jpg,135,57,319,259
PolyU_084_S_01.jpg,144,55,329,254
PolyU_084_S_02.jpg,146,53,330,255
PolyU_084_S_03.jpg,143,54,329,252
PolyU_084_S_04.jpg,146,55,328,251
PolyU_084_S_05.jpg,146,53,328,252
PolyU_084_S_06.jpg,144,53,330,254
PolyU_084_S_07.jpg,141,54,331,252
PolyU_084_S_08.jpg,143,53,329,254
PolyU_084_S_09.jpg,141,54,330,253
PolyU_084_S_10.jpg,142,54,329,252
PolyU_085_F_01.jpg,100,57,292,255
PolyU_085_F_02.jpg,97,59,292,252
PolyU_085_F_03.jpg,97,58,291,251
PolyU_085_F_04.jpg,97,59,292,251
PolyU_085_F_05.jpg,96,58,292,238
PolyU_085_F_06.jpg,97,57,292,243
PolyU_085_F_07.jpg,98,58,292,250
PolyU_085_F_08.jpg,98,58,293,243
PolyU_085_F_09.jpg,97,61,295,237
PolyU_085_F_10.jpg,98,61,293,237
PolyU_085_F_11.jpg,99,63,291,234
PolyU_085_S_01.jpg,130,43,323,238
PolyU_085_S_02.jpg,130,43,323,235
PolyU_085_S_03.jpg,130,42,322,236
PolyU_085_S_04.jpg,131,42,325,238
PolyU_085_S_05.jpg,130,44,325,235
PolyU_085_S_06.jpg,130,43,323,234
PolyU_085_S_07.jpg,130,44,324,237
PolyU_085_S_08.jpg,129,43,325,241
PolyU_085_S_09.jpg,130,43,326,239
PolyU_085_S_10.jpg,130,43,325,238
PolyU_086_F_01.jpg,130,59,320,258
PolyU_086_F_02.jpg,127,60,318,258
PolyU_086_F_03.jpg,130,64,320,258
PolyU_086_F_04.jpg,130,70,320,256
PolyU_086_F_05.jpg,130,77,319,259
PolyU_086_F_06.jpg,130,76,320,259
PolyU_086_F_07.jpg,129,73,319,257
PolyU_086_F_08.jpg,129,78,318,259
PolyU_086_F_09.jpg,130,81,320,257
PolyU_086_F_10.jpg,130,82,318,259
PolyU_086_F_11.jpg,130,80,318,256
PolyU_086_S_01.jpg,115,44,303,240
PolyU_086_S_02.jpg,112,45,300,239
PolyU_086_S_03.jpg,120,43,310,239
PolyU_086_S_04.jpg,126,42,316,239
PolyU_086_S_05.jpg,108,44,298,241
PolyU_086_S_06.jpg,109,43,298,239
PolyU_086_S_07.jpg,115,44,302,240
PolyU_086_S_08.jpg,112,43,300,241
PolyU_086_S_09.jpg,124,44,308,240
PolyU_086_S_10.jpg,117,42,305,240
PolyU_087_F_01.jpg,125,45,319,240
PolyU_087_F_02.jpg,127,47,318,243
PolyU_087_F_03.jpg,124,45,321,240
PolyU_087_F_04.jpg,125,46,320,240
PolyU_087_F_05.jpg,125,45,320,241
PolyU_087_F_06.jpg,125,46,319,239
PolyU_087_F_07.jpg,125,45,320,243
PolyU_087_F_08.jpg,125,46,321,243
PolyU_087_F_09.jpg,125,46,320,241
PolyU_087_F_10.jpg,125,46,320,243
PolyU_087_S_01.jpg,109,49,301,245
PolyU_087_S_02.jpg,101,49,293,245
PolyU_087_S_03.jpg,103,49,296,244
PolyU_087_S_04.jpg,112,49,304,244
PolyU_087_S_05.jpg,102,47,295,246
PolyU_087_S_06.jpg,98,50,291,247
PolyU_087_S_07.jpg,105,49,297,246
PolyU_087_S_08.jpg,100,50,292,247
PolyU_087_S_09.jpg,105,49,296,246
PolyU_087_S_10.jpg,103,48,295,246
PolyU_088_F_01.jpg,120,46,307,244
PolyU_088_F_02.jpg,110,46,300,244
PolyU_088_F_03.jpg,115,46,304,242
PolyU_088_F_04.jpg,117,48,305,242
PolyU_088_F_05.jpg,118,46,307,241
PolyU_088_F_06.jpg,111,46,299,242
PolyU_088_F_07.jpg,107,47,297,244
PolyU_088_F_08.jpg,118,46,305,244
PolyU_088_F_09.jpg,120,48,307,245
PolyU_088_F_10.jpg,118,46,307,244
PolyU_088_S_01.jpg,110,49,297,246
PolyU_088_S_02.jpg,121,47,308,247
PolyU_088_S_03.jpg,118,47,306,246
PolyU_088_S_04.jpg,110,47,296,246
PolyU_088_S_05.jpg,119,49,306,247
PolyU_088_S_06.jpg,115,48,305,247
PolyU_088_S_07.jpg,118,49,305,246
PolyU_088_S_08.jpg,128,47,313,246
PolyU_088_S_09.jpg,116,49,302,245
PolyU_088_S_10.jpg,120,47,310,246
PolyU_089_F_01.jpg,96,57,291,256
PolyU_089_F_01.jpg,96,57,291,256
PolyU_089_F_02.jpg,96,57,290,256
PolyU_089_F_03.jpg,96,57,291,256
PolyU_089_F_04.jpg,96,57,290,25
PolyU_089_F_05.jpg,96,58,291,254
PolyU_089_F_06.jpg,96,58,292,254
PolyU_089_F_07.jpg,96,58,292,257
PolyU_089_F_08.jpg,96,58,292,254
PolyU_089_F_09.jpg,97,58,290,255
PolyU_089_F_10.jpg,97,57,290,255
PolyU_089_S_01.jpg,105,53,302,248
PolyU_089_S_02.jpg,104,54,300,247
PolyU_089_S_03.jpg,108,52,301,249
PolyU_089_S_04.jpg,105,55,301,252
PolyU_089_S_05.jpg,105,52,300,254
PolyU_089_S_06.jpg,108,53,301,252
PolyU_089_S_07.jpg,108,54,301,254
PolyU_089_S_08.jpg,106,55,302,254
PolyU_089_S_09.jpg,108,54,301,255
PolyU_089_S_10.jpg,106,54,301,252
PolyU_090_F_01.jpg,140,59,318,258
PolyU_090_F_02.jpg,137,62,319,255
PolyU_090_F_03.jpg,149,64,317,256
PolyU_090_F_04.jpg,142,58,317,258
PolyU_090_F_05.jpg,130,59,317,256
PolyU_090_F_06.jpg,142,59,316,258
PolyU_090_F_07.jpg,143,66,316,257
PolyU_090_F_08.jpg,140,67,315,256
PolyU_090_F_09.jpg,143,69,317,256
PolyU_090_F_10.jpg,135,72,316,259
PolyU_090_S_01.jpg,147,69,326,261
PolyU_090_S_02.jpg,156,71,329,252
PolyU_090_S_03.jpg,154,73,328,254
PolyU_090_S_04.jpg,139,54,329,253
PolyU_090_S_05.jpg,140,56,327,253
PolyU_090_S_06.jpg,139,55,329,253
PolyU_090_S_07.jpg,141,55,328,253
PolyU_090_S_08.jpg,139,53,326,255
PolyU_090_S_08.jpg,139,53,326,255
PolyU_090_S_09.jpg,139,53,328,248
PolyU_090_S_10.jpg,139,55,328,253
PolyU_091_F_01.jpg,109,56,303,252
PolyU_091_F_02.jpg,109,55,303,244
PolyU_091_F_03.jpg,109,56,304,239
PolyU_091_F_04.jpg,109,55,302,243
PolyU_091_F_05.jpg,109,54,304,236
PolyU_091_F_06.jpg,108,56,302,247
PolyU_091_F_07.jpg,115,56,299,230
PolyU_091_F_08.jpg,114,55,298,232
PolyU_091_F_09.jpg,110,59,302,218
PolyU_091_F_10.jpg,109,55,301,253
PolyU_091_S_01.jpg,109,54,302,245
PolyU_091_S_02.jpg,112,60,292,217
PolyU_091_S_03.jpg,109,59,291,235
PolyU_091_S_04.jpg,112,61,297,222
PolyU_091_S_05.jpg,108,56,298,247
PolyU_091_S_06.jpg,110,63,296,229
PolyU_091_S_07.jpg,116,61,291,230
PolyU_091_S_08.jpg,116,62,292,220
PolyU_091_S_09.jpg,111,66,291,218
PolyU_091_S_10.jpg,111,63,292,230
PolyU_092_F_01.jpg,149,65,326,237
PolyU_092_F_02.jpg,151,74,324,245
PolyU_092_F_03.jpg,150,69,319,238
PolyU_092_F_04.jpg,150,63,327,235
PolyU_092_F_05.jpg,145,65,328,238
PolyU_092_F_06.jpg,150,78,321,244
PolyU_092_F_07.jpg,151,65,326,246
PolyU_092_F_07.jpg,151,65,326,246
PolyU_092_F_08.jpg,151,69,327,248
PolyU_092_F_09.jpg,151,81,323,247
PolyU_092_F_10.jpg,154,66,325,242
PolyU_092_S_01.jpg,153,65,324,239
PolyU_092_S_02.jpg,147,67,326,235
PolyU_092_S_03.jpg,152,67,325,238
PolyU_092_S_04.jpg,148,67,322,240
PolyU_092_S_05.jpg,145,64,325,226
PolyU_092_S_06.jpg,151,68,314,220
PolyU_092_S_07.jpg,150,66,320,229
PolyU_092_S_08.jpg,150,67,324,233
PolyU_092_S_09.jpg,150,76,322,237
PolyU_092_S_10.jpg,145,63,319,226
PolyU_093_F_01.jpg,98,65,285,243
PolyU_093_F_02.jpg,102,65,284,240
PolyU_093_F_03.jpg,96,65,283,242
PolyU_093_F_04.jpg,98,69,285,237
PolyU_093_F_05.jpg,101,66,286,239
PolyU_093_F_06.jpg,105,70,282,245
PolyU_093_F_07.jpg,100,64,290,242
PolyU_093_F_08.jpg,107,70,284,245
PolyU_093_F_09.jpg,102,64,284,245
PolyU_093_F_10.jpg,105,66,285,242
PolyU_093_S_01.jpg,147,49,314,228
PolyU_093_S_02.jpg,134,51,320,231
PolyU_093_S_03.jpg,139,51,321,235
PolyU_093_S_04.jpg,132,51,317,233
PolyU_093_S_05.jpg,142,56,317,228
PolyU_093_S_06.jpg,137,51,314,232
PolyU_093_S_07.jpg,136,47,319,223
PolyU_093_S_08.jpg,136,46,313,230
PolyU_093_S_09.jpg,138,49,319,226
PolyU_093_S_10.jpg,142,60,312,231
PolyU_094_F_01.jpg,140,72,312,243
PolyU_094_F_02.jpg,140,72,312,245
PolyU_094_F_03.jpg,142,71,312,233
PolyU_094_F_04.jpg,141,73,317,241
PolyU_094_F_05.jpg,146,71,320,242
PolyU_094_F_06.jpg,139,71,317,241
PolyU_094_F_07.jpg,137,75,311,240
PolyU_094_F_08.jpg,138,73,311,240
PolyU_094_F_09.jpg,139,73,314,238
PolyU_094_F_10.jpg,137,68,315,237
PolyU_094_F_11.jpg,138,69,313,235
PolyU_094_F_12.jpg,143,65,312,225
PolyU_094_S_01.jpg,125,56,296,231
PolyU_094_S_02.jpg,116,56,296,223
PolyU_094_S_03.jpg,133,53,298,223
PolyU_094_S_04.jpg,130,56,303,225
PolyU_094_S_05.jpg,126,58,296,219
PolyU_094_S_06.jpg,131,56,302,230
PolyU_094_S_07.jpg,127,57,305,221
PolyU_094_S_08.jpg,140,57,309,225
PolyU_094_S_09.jpg,137,51,307,217
PolyU_094_S_10.jpg,121,53,297,224
PolyU_095_F_01.jpg,110,75,283,238
PolyU_095_F_02.jpg,104,74,280,239
PolyU_095_F_03.jpg,101,69,280,240
PolyU_095_F_04.jpg,103,77,282,240
PolyU_095_F_05.jpg,99,72,283,244
PolyU_095_F_06.jpg,105,78,277,242
PolyU_095_F_07.jpg,105,70,277,235
PolyU_095_F_08.jpg,106,70,284,240
PolyU_095_F_09.jpg,103,69,285,247
PolyU_095_F_09.jpg,103,69,285,247
PolyU_095_F_10.jpg,105,70,286,252
PolyU_095_S_01.jpg,121,71,296,235
PolyU_095_S_02.jpg,110,77,301,239
PolyU_095_S_03.jpg,110,81,299,244
PolyU_095_S_04.jpg,110,90,303,247
PolyU_095_S_05.jpg,119,79,297,236
PolyU_095_S_06.jpg,109,72,299,243
PolyU_095_S_07.jpg,108,78,299,250
PolyU_095_S_08.jpg,109,83,298,249
PolyU_095_S_09.jpg,108,82,299,249
PolyU_095_S_10.jpg,107,83,300,250
PolyU_096_F_01.jpg,130,60,316,248
PolyU_096_F_02.jpg,130,65,319,237
PolyU_096_F_03.jpg,140,65,315,227
PolyU_096_F_04.jpg,134,63,313,244
PolyU_096_F_05.jpg,132,60,315,250
PolyU_096_F_06.jpg,139,70,306,237
PolyU_096_F_07.jpg,132,60,311,250
PolyU_096_F_08.jpg,134,60,315,244
PolyU_096_F_09.jpg,131,67,318,245
PolyU_096_F_10.jpg,133,60,317,252
PolyU_096_S_01.jpg,154,74,321,242
PolyU_096_S_02.jpg,149,70,320,242
PolyU_096_S_03.jpg,159,62,319,240
PolyU_096_S_04.jpg,147,58,327,248
PolyU_096_S_05.jpg,146,60,326,245
PolyU_096_S_06.jpg,153,65,326,238
PolyU_096_S_07.jpg,154,68,319,244
PolyU_096_S_08.jpg,146,71,324,230
PolyU_096_S_09.jpg,148,58,325,248
PolyU_096_S_10.jpg,150,62,326,252
PolyU_097_F_01.jpg,116,62,291,238
PolyU_097_F_02.jpg,116,71,294,243
PolyU_097_F_03.jpg,115,67,297,247
PolyU_097_F_04.jpg,120,69,291,245
PolyU_097_F_05.jpg,116,71,289,242
PolyU_097_F_06.jpg,120,81,288,244
PolyU_097_F_07.jpg,120,72,291,243
PolyU_097_F_08.jpg,116,69,296,243
PolyU_097_F_09.jpg,116,96,296,243
PolyU_097_F_10.jpg,109,63,299,240
PolyU_097_S_01.jpg,122,70,292,241
PolyU_097_S_02.jpg,125,70,289,238
PolyU_097_S_03.jpg,127,70,284,242
PolyU_097_S_04.jpg,116,75,290,239
PolyU_097_S_05.jpg,114,68,291,244
PolyU_097_S_06.jpg,121,75,287,241
PolyU_097_S_07.jpg,117,62,297,240
PolyU_097_S_08.jpg,120,70,292,244
PolyU_097_S_09.jpg,114,66,295,243
PolyU_097_S_10.jpg,113,63,297,243
PolyU_098_F_01.jpg,146,64,327,248
PolyU_098_F_02.jpg,164,60,326,235
PolyU_098_F_03.jpg,148,61,327,239
PolyU_098_F_04.jpg,147,68,328,232
PolyU_098_F_05.jpg,158,59,328,219
PolyU_098_F_06.jpg,154,58,326,233
PolyU_098_F_07.jpg,147,58,328,242
PolyU_098_F_08.jpg,150,58,328,244
PolyU_098_F_09.jpg,148,55,327,251
PolyU_098_F_10.jpg,149,58,326,240
PolyU_098_S_01.jpg,167,60,325,248
PolyU_098_S_02.jpg,168,65,328,248
PolyU_098_S_03.jpg,150,57,327,246
PolyU_098_S_04.jpg,146,56,326,251
PolyU_098_S_05.jpg,146,56,326,248
PolyU_098_S_06.jpg,157,55,328,249
PolyU_098_S_07.jpg,145,56,329,248
PolyU_098_S_08.jpg,147,67,326,244
PolyU_098_S_09.jpg,154,56,326,248
PolyU_098_S_10.jpg,146,64,328,243
PolyU_099_F_01.jpg,118,58,299,229
PolyU_099_F_02.jpg,122,64,292,235
PolyU_099_F_03.jpg,122,66,294,230
PolyU_099_F_04.jpg,115,58,298,225
PolyU_099_F_05.jpg,120,61,298,225
PolyU_099_F_06.jpg,113,56,302,211
PolyU_099_F_07.jpg,113,59,301,216
PolyU_099_F_08.jpg,117,60,297,229
PolyU_099_F_09.jpg,114,59,302,221
PolyU_099_F_10.jpg,108,48,302,221
PolyU_099_S_01.jpg,107,47,291,204
PolyU_099_S_02.jpg,117,50,299,217
PolyU_099_S_03.jpg,123,50,293,220
PolyU_099_S_04.jpg,124,51,301,221
PolyU_099_S_05.jpg,112,51,288,216
PolyU_099_S_06.jpg,111,53,287,223
PolyU_099_S_07.jpg,104,53,284,203
PolyU_099_S_08.jpg,116,50,298,217
PolyU_099_S_09.jpg,120,40,304,222
PolyU_099_S_10.jpg,116,47,298,223
PolyU_100_F_01.jpg,152,32,310,221
PolyU_100_F_02.jpg,150,32,312,211
PolyU_100_F_03.jpg,150,35,314,218
PolyU_100_F_04.jpg,145,36,312,219
PolyU_100_F_05.jpg,150,38,317,204
PolyU_100_F_06.jpg,150,38,308,219
PolyU_100_F_07.jpg,155,32,313,215
PolyU_100_F_08.jpg,152,33,313,231
PolyU_100_F_09.jpg,155,29,314,207
PolyU_100_F_10.jpg,145,44,308,220
PolyU_100_S_01.jpg,168,58,336,227
PolyU_100_S_02.jpg,164,50,340,229
PolyU_100_S_03.jpg,162,59,333,231
PolyU_100_S_04.jpg,163,55,338,233
PolyU_100_S_05.jpg,173,46,336,232
PolyU_100_S_06.jpg,166,53,338,332
PolyU_100_S_07.jpg,169,59,334,231
PolyU_100_S_08.jpg,156,49,338,237
PolyU_100_S_09.jpg,161,46,340,238
PolyU_100_S_10.jpg,175,44,336,238
PolyU_101_F_01.jpg,101,61,286,246
PolyU_101_F_02.jpg,112,66,287,221
PolyU_101_F_03.jpg,106,66,288,235
PolyU_101_F_04.jpg,108,63,288,224
PolyU_101_F_05.jpg,110,60,282,244
PolyU_101_F_06.jpg,110,60,282,244
PolyU_101_F_07.jpg,112,56,283,233
PolyU_101_F_08.jpg,113,65,282,235
PolyU_101_F_09.jpg,115,68,279,232
PolyU_101_F_10.jpg,127,72,278,235
PolyU_101_S_01.jpg,126,64,290,226
PolyU_101_S_02.jpg,140,60,299,227
PolyU_101_S_03.jpg,140,55,296,230
PolyU_101_S_04.jpg,123,57,293,226
PolyU_101_S_05.jpg,125,55,290,227
PolyU_101_S_06.jpg,124,56,296,235
PolyU_101_S_07.jpg,125,56,299,243
PolyU_101_S_08.jpg,128,56,293,227
PolyU_101_S_09.jpg,131,55,295,219
PolyU_101_S_10.jpg,137,55,295,216
PolyU_102_F_01.jpg,148,66,299,237
PolyU_102_F_02.jpg,148,62,316,252
PolyU_102_F_03.jpg,135,59,310,251
PolyU_102_F_04.jpg,136,59,312,252
PolyU_102_F_05.jpg,134,59,317,256
PolyU_102_F_06.jpg,137,60,310,247
PolyU_102_F_07.jpg,134,60,313,251
PolyU_102_F_08.jpg,137,62,313,252
PolyU_102_F_09.jpg,132,60,315,254
PolyU_102_F_10.jpg,133,60,315,251
PolyU_102_S_01.jpg,150,64,323,242
PolyU_102_S_02.jpg,147,63,324,241
PolyU_102_S_03.jpg,147,63,326,243
PolyU_102_S_04.jpg,143,61,325,235
PolyU_102_S_05.jpg,138,53,327,251
PolyU_102_S_06.jpg,141,54,324,248
PolyU_102_S_07.jpg,140,55,325,247
PolyU_102_S_08.jpg,140,57,323,249
PolyU_102_S_09.jpg,145,57,326,247
PolyU_102_S_10.jpg,140,53,326,251
PolyU_103_F_01.jpg,98,58,288,253
PolyU_103_F_02.jpg,97,58,291,254
PolyU_103_F_03.jpg,97,59,291,256
PolyU_103_F_04.jpg,98,63,289,254
PolyU_103_F_05.jpg,98,60,289,255
PolyU_103_F_06.jpg,96,66,291,252
PolyU_103_F_07.jpg,99,75,290,255
PolyU_103_F_08.jpg,96,68,288,255
PolyU_103_F_09.jpg,95,60,289,255
PolyU_103_F_10.jpg,105,59,289,254
PolyU_103_S_01.jpg,130,42,322,240
PolyU_103_S_02.jpg,130,43,324,239
PolyU_103_S_03.jpg,129,44,324,237
PolyU_103_S_04.jpg,129,43,321,236
PolyU_103_S_05.jpg,129,44,322,237
PolyU_103_S_06.jpg,129,44,322,238
PolyU_103_S_07.jpg,129,42,323,241
PolyU_103_S_08.jpg,128,43,322,237
PolyU_103_S_09.jpg,129,44,323,238
PolyU_103_S_10.jpg,131,43,323,239
PolyU_104_F_01.jpg,133,59,315,252
PolyU_104_F_02.jpg,132,57,317,254
PolyU_104_F_03.jpg,131,59,317,249
PolyU_104_F_04.jpg,131,58,316,252
PolyU_104_F_05.jpg,131,59,317,257
PolyU_104_F_06.jpg,132,59,318,256
PolyU_104_F_07.jpg,134,58,315,254
PolyU_104_F_08.jpg,133,60,318,253
PolyU_104_F_09.jpg,134,62,316,257
PolyU_104_F_10.jpg,134,58,316,254
PolyU_104_S_01.jpg,120,43,309,238
PolyU_104_S_02.jpg,130,44,317,238
PolyU_104_S_03.jpg,126,44,313,236
PolyU_104_S_04.jpg,123,43,311,239
PolyU_104_S_05.jpg,120,44,305,237
PolyU_104_S_06.jpg,120,43,307,238
PolyU_104_S_07.jpg,122,42,307,236
PolyU_104_S_08.jpg,114,43,303,237
PolyU_104_S_09.jpg,113,43,300,238
PolyU_104_S_10.jpg,120,43,308,239
PolyU_105_F_01.jpg,98,60,291,255
PolyU_105_F_02.jpg,98,61,290,256
PolyU_105_F_03.jpg,99,60,288,256
PolyU_105_F_04.jpg,98,60,292,256
PolyU_105_F_05.jpg,98,60,289,256
PolyU_105_F_06.jpg,97,57,289,258
PolyU_105_F_07.jpg,99,60,291,257
PolyU_105_F_08.jpg,99,59,289,255
PolyU_105_F_09.jpg,97,59,291,257
PolyU_105_F_10.jpg,97,61,290,255
PolyU_105_S_01.jpg,108,53,300,253
PolyU_105_S_02.jpg,108,56,302,251
PolyU_105_S_03.jpg,110,56,302,251
PolyU_105_S_04.jpg,108,56,301,252
PolyU_105_S_05.jpg,108,55,301,251
PolyU_105_S_06.jpg,113,54,300,253
PolyU_105_S_07.jpg,117,55,301,253
PolyU_105_S_08.jpg,124,55,300,251
PolyU_105_S_09.jpg,109,56,299,250
PolyU_105_S_10.jpg,108,55,301,253
PolyU_106_F_01.jpg,130,57,318,255
PolyU_106_F_02.jpg,130,57,316,256
PolyU_106_F_03.jpg,130,57,317,257
PolyU_106_F_04.jpg,130,59,316,257
PolyU_106_F_05.jpg,131,59,316,257
PolyU_106_F_06.jpg,132,58,317,256
PolyU_106_F_07.jpg,131,58,319,255
PolyU_106_F_08.jpg,130,58,317,256
PolyU_106_F_09.jpg,130,58,316,255
PolyU_106_F_10.jpg,133,58,318,257
PolyU_106_S_01.jpg,144,54,328,250
PolyU_106_S_02.jpg,143,56,327,251
PolyU_106_S_03.jpg,142,56,329,254
PolyU_106_S_04.jpg,141,54,328,252
PolyU_106_S_05.jpg,141,54,329,252
PolyU_106_S_06.jpg,142,53,331,252
PolyU_106_S_07.jpg,142,54,328,250
PolyU_106_S_08.jpg,141,54,327,252
PolyU_106_S_09.jpg,141,54,330,253
PolyU_106_S_10.jpg,141,53,329,254
PolyU_107_F_01.jpg,95,58,288,254
PolyU_107_F_02.jpg,96,58,289,254
PolyU_107_F_03.jpg,97,57,288,256
PolyU_107_F_04.jpg,96,57,287,256
PolyU_107_F_05.jpg,97,58,288,254
PolyU_107_F_06.jpg,98,58,288,257
PolyU_107_F_07.jpg,96,58,290,257
PolyU_107_F_08.jpg,98,59,289,253
PolyU_107_F_09.jpg,98,57,287,255
PolyU_107_F_10.jpg,96,57,289,256
PolyU_107_S_01.jpg,107,56,301,253
PolyU_107_S_02.jpg,106,52,300,252
PolyU_107_S_03.jpg,107,54,300,252
PolyU_107_S_04.jpg,107,53,299,251
PolyU_107_S_05.jpg,105,53,297,252
PolyU_107_S_06.jpg,107,53,300,253
PolyU_107_S_07.jpg,106,55,299,252
PolyU_107_S_08.jpg,107,54,299,254
PolyU_107_S_09.jpg,107,55,301,253
PolyU_107_S_10.jpg,107,54,301,251
PolyU_108_F_01.jpg,128,58,316,250
PolyU_108_F_02.jpg,128,56,315,255
PolyU_108_F_03.jpg,130,57,315,254
PolyU_108_F_04.jpg,130,57,317,254
PolyU_108_F_05.jpg,130,58,313,254
PolyU_108_F_06.jpg,130,56,314,254
PolyU_108_F_07.jpg,129,55,311,255
PolyU_108_F_08.jpg,129,58,316,252
PolyU_108_F_09.jpg,127,58,315,252
PolyU_108_F_10.jpg,128,58,316,255
PolyU_108_S_01.jpg,142,52,328,253
PolyU_108_S_02.jpg,143,53,326,252
PolyU_108_S_03.jpg,140,52,327,253
PolyU_108_S_04.jpg,139,54,327,253
PolyU_108_S_05.jpg,143,54,327,252
PolyU_108_S_06.jpg,142,53,327,251
PolyU_108_S_07.jpg,143,52,328,254
PolyU_108_S_08.jpg,140,54,326,251
PolyU_108_S_09.jpg,141,53,328,254
PolyU_108_S_10.jpg,142,54,327,254
PolyU_109_F_01.jpg,109,55,301,229
PolyU_109_F_02.jpg,113,54,303,228
PolyU_109_F_03.jpg,116,55,301,235
PolyU_109_F_04.jpg,112,54,301,231
PolyU_109_F_05.jpg,112,54,303,233
PolyU_109_F_06.jpg,111,56,302,233
PolyU_109_F_07.jpg,110,55,301,235
PolyU_109_F_08.jpg,110,56,301,235
PolyU_109_F_09.jpg,114,54,301,230
PolyU_109_F_10.jpg,114,56,302,231
PolyU_109_S_01.jpg,108,55,299,250
PolyU_109_S_02.jpg,109,54,300,250
PolyU_109_S_03.jpg,109,56,302,251
PolyU_109_S_04.jpg,107,54,299,251
PolyU_109_S_05.jpg,110,54,300,250
PolyU_109_S_06.jpg,109,55,300,249
PolyU_109_S_07.jpg,110,54,300,243
PolyU_109_S_08.jpg,109,55,297,247
PolyU_109_S_09.jpg,109,55,297,243
PolyU_109_S_10.jpg,110,55,301,252
PolyU_110_F_01.jpg,145,55,331,255
PolyU_110_F_02.jpg,144,56,330,254
PolyU_110_F_03.jpg,144,59,329,252
PolyU_110_F_04.jpg,146,55,332,251
PolyU_110_F_05.jpg,143,56,331,251
PolyU_110_F_06.jpg,144,62,332,251
PolyU_110_F_07.jpg,143,57,329,254
PolyU_110_F_08.jpg,143,56,329,252
PolyU_110_F_09.jpg,141,55,332,251
PolyU_110_F_10.jpg,145,56,331,254
PolyU_110_S_01.jpg,142,53,329,254
PolyU_110_S_02.jpg,144,64,331,254
PolyU_110_S_03.jpg,142,57,331,257
PolyU_110_S_04.jpg,143,56,330,253
PolyU_110_S_05.jpg,143,54,329,251
PolyU_110_S_06.jpg,143,56,331,252
PolyU_110_S_07.jpg,142,55,330,252
PolyU_110_S_08.jpg,143,56,330,251
PolyU_110_S_09.jpg,152,53,329,250
PolyU_110_S_10.jpg,142,54,329,245
PolyU_111_F_01.jpg,98,58,292,255
PolyU_111_F_02.jpg,99,59,290,255
PolyU_111_F_03.jpg,99,68,291,256
PolyU_111_F_04.jpg,100,66,289,255
PolyU_111_F_05.jpg,98,70,290,255
PolyU_111_F_06.jpg,100,66,290,253
PolyU_111_F_07.jpg,100,61,98,68
PolyU_111_F_08.jpg,98,68,289,253
PolyU_111_F_09.jpg,98,64,290,252
PolyU_111_F_10.jpg,100,76,288,254
PolyU_111_S_01.jpg,110,59,299,247
PolyU_111_S_02.jpg,110,61,300,251
PolyU_111_S_03.jpg,110,54,300,249
PolyU_111_S_04.jpg,108,56,299,249
PolyU_111_S_05.jpg,110,56,299,251
PolyU_111_S_06.jpg,111,58,300,253
PolyU_111_S_07.jpg,114,56,302,252
PolyU_111_S_08.jpg,109,61,300,250
PolyU_111_S_09.jpg,110,60,299,252
PolyU_111_S_10.jpg,110,60,301,252
